region_id,nom,prenom,sexe,date_naissance,id
0,ARMOUGOM,"Betty, Véronique",F,1965-07-09,0
0,BAILLET,Patricia,F,1970-06-17,1
0,BARDAIL,Jean,M,1951-05-30,2
0,BITUFWILA,Aurélie,F,1991-08-21,3
0,BONDOT-GALAS,Gersiane,F,1963-02-09,4
0,BOREL-LINCERTIN,Josette,F,1941-08-12,5
0,BRUDEY,Hilaire,M,1960-03-27,6
0,CHALUS,Ary,M,1961-12-06,7
0,CHAMMOUGOM ANNO,Sylvie,F,1972-07-23,8
0,CHATEAUBON,Eddy,M,1971-07-01,9
0,CORNET,Cédric,M,1981-01-16,10
0,DAGONIA,Sylvie,F,1965-01-23,11
0,DEZAC,Philippe,M,1956-11-21,12
0,DOLLIN,Patrick,M,1958-09-07,13
0,ELISABETH,Camille,M,1952-05-01,14
0,FRANCISQUE,Jean-Louis,M,1970-11-21,15
0,GUILLAUME,Bernard,M,1976-01-15,16
0,GUSTAVE DIT DUFLO,Sylvie,F,1971-02-07,17
0,HUBERT,Jean-Marie,M,1950-03-17,18
0,LAPIN,Jim,M,1974-01-02,19
0,LERUS,Chantal,F,1971-04-02,20
0,LINON,Jennifer Cécilia,F,1988-10-26,21
0,LUREL,Victorin,M,1951-08-20,22
0,MARCIN,Magaly,F,1981-06-12,23
0,MARTOL,Loïc,M,1979-05-15,24
0,MATHURIN ÉPOUSE VANOUKIA,Sylvie,F,1958-02-07,25
0,MONTOUT,David,M,1967-05-22,26
0,NAIGRE,Géraldine,F,1976-12-09,27
0,NELSON,Jean-Claude,M,1957-10-26,28
0,PANCREL,Bernard,M,1962-09-06,29
0,PELAGE,Camille,M,1970-03-07,30
0,PENCHARD,Marie-Luce,F,1959-02-14,31
0,PETRO,Corinne,F,1971-08-20,32
0,PIERROT,Marcelle,F,1949-12-20,33
0,PILLI,Jean-Marie,M,1963-12-16,34
0,REINE,"Sheila, Moréna",F,1976-08-08,35
0,SAMUEL,"Valérie, Estelle",F,1981-05-10,36
0,SELLIN,Patrick,M,1960-08-13,37
0,TAILLEPIERRE,Sonia,F,1969-06-12,38
0,"THURAM-ULIEN, ANNE-MARIE","Bernadette, Colette",F,1953-12-08,39
0,TONTON,"Loïc, Claude",M,1987-12-02,40
3,ABMON-ELIZEON,Liliane,F,1969-03-02,41
3,AHO-NIENNE,Sandrine,F,1974-01-21,42
3,ANNETTE,Christian,M,1957-12-21,43
3,BADAT,Rahfick,M,1971-07-28,44
3,BAREIGTS,Ericka,F,1967-04-16,45
3,BELLO,Huguette,F,1950-08-24,46
3,BERTILE,Wilfrid,M,1945-07-11,47
3,BOULEVART,Patrice,M,1990-10-31,48
3,CESARI,Maya,F,1971-05-30,49
3,CHABRIAT,Jean-Pierre,M,1966-01-02,50
3,CHANE-HONG,Régine,F,1960-06-18,51
3,CHANE-KANE-BONE TAVEL,Anne,F,1983-05-30,52
3,CHANE-TO,Marie-Lise,F,1957-02-06,53
3,CORBIERE,Evelyne,F,1980-11-12,54
3,COSTES,Yolaine,F,1957-09-12,55
3,GIRONCEL DAMOUR,Nadine,F,1974-07-09,56
3,GOBALOU ERAMBRANPOULLÉ,Virginie,F,1966-04-24,57
3,HOARAU,Denise,F,1960-07-04,58
3,HOARAU,Fabrice,M,1969-05-09,59
3,HOARAU,Jacquet,M,1956-08-25,60
3,LAGOURGUE,Jean-Louis,M,1947-08-05,61
3,LEBRETON,Laëtitia,F,1987-01-02,62
3,LEBRETON,Patrick,M,1963-09-06,63
3,LOCAME VAISSETTE,Patricia,F,1975-06-22,64
3,MAILLOT,Frédéric,M,1986-11-15,65
3,MARATCHIA,Jean-Bernard,M,1962-11-27,66
3,MOREL,Jean Jacques,M,1963-05-21,67
3,NABENESA,Karine,F,1976-10-11,68
3,NATIVEL,Lorraine,F,1964-07-27,69
3,NIRLO,Richard,M,1949-06-12,70
3,OMARJEE,Normane,M,1983-01-28,71
3,PICARDO,Bernard,M,1965-11-12,72
3,PLANTE,Pascal,M,1972-05-20,73
3,POINY-TOPLAN,Stéphanie,F,1986-10-04,74
3,PROFIL,Patricia,F,1963-06-24,75
3,RAMASSAMY,Nadia,F,1961-05-17,76
3,RAMAYE,Amandine,F,1985-08-28,77
3,RAMIN,Sabrina,F,1978-01-06,78
3,RATENON,Jean Hugues,M,1967-06-25,79
3,ROBERT,Didier,M,1964-04-26,80
3,SIHOU,Mikaël,M,1979-03-01,81
3,SITOUZE,Céline,F,1974-08-03,82
3,TECHER,Jacques,M,1964-03-28,83
3,VERGOZ,Michel,M,1950-01-10,84
3,VIENNE,Axel,M,1956-01-04,85
5,ABEILLE,Laurence,F,1960-06-17,86
5,BALLARD,Philippe,M,1960-11-24,87
5,BARGETON,Julien,M,1973-03-29,88
5,BATY,Pierre-Jean,M,1992-01-31,89
5,BAYOU,Julien,M,1980-06-11,90
5,BLOCH,Gypsie,F,1972-04-30,91
5,BLOND,Olivier,M,1970-12-22,92
5,BOHBOT,Jack-Yves,M,1956-04-18,93
5,BOUGERET,Alix,F,1978-04-13,94
5,BÜRKLI,Delphine,F,1974-06-05,95
5,CARRERE-GEE,Claire Marie,F,1963-03-23,96
5,COSSE,Emmanuelle,F,1974-11-15,97
5,COURTOIS,Daniel-Georges,M,1956-08-29,98
5,D'HAUTESERRE,Jeanne,F,1953-07-08,99
5,DAGUENEL,Anne,F,1957-09-01,100
5,DAUVERGNE,Emmanuelle,F,1971-10-03,101
5,DES GAYETS,Maxime,M,1978-05-25,102
5,DUMAS,Cécile,F,1967-01-29,103
5,DUMESNIL,Jean-Luc,M,1957-06-12,104
5,GARNIER,Nelly,F,1985-01-08,105
5,GERMAIN,Jean-Marc,M,1966-06-12,106
5,GHIATI,Vanessa,F,1974-11-14,107
5,JARRY-BOUABID,Anne-Claire,F,1973-02-01,108
5,KARAM,Patrick,M,1961-02-08,109
5,LECOQ,Jean-Pierre,M,1954-07-18,110
5,LECOUTURIER,Béatrice,F,1965-04-30,111
5,LISCIA,Pierre,M,1989-08-25,112
5,MALAISE,Céline,F,1979-12-13,113
5,MICHAUD,Catherine,F,1983-07-10,114
5,MONTANDON,Valérie,F,1976-03-31,115
5,MOUSSON,Olivier,M,1958-11-10,116
5,NICOL,Alexandra,F,1982-03-06,117
5,PARISET,Marion,F,1992-02-22,118
5,PEGEON,Jean-Baptiste,M,1989-10-17,119
5,PREVEL,Guillaume,M,1978-07-04,120
5,PULVAR,Audrey,F,1972-02-21,121
5,PÉCHENARD,Frédéric,M,1957-03-12,122
5,REDLER,Jérémy,M,1981-11-07,123
5,SAADI,Mustapha,M,1954-10-01,124
5,SCHAHL,Eric,M,1973-10-21,125
5,SCHIAPPA,Marlène,F,1982-11-18,126
5,SOLÈS,Benoît,M,1972-09-05,127
5,SZPINER,Alexandra,F,1971-05-31,128
5,VANNIER,Paul,M,1985-09-19,129
5,WEHRLING,Yann,M,1971-07-03,130
5,BATTAIL,Gilles,M,1959-12-09,131
5,CHAIN-LARCHÉ,Anne,F,1958-04-11,132
5,CHEVRON,Benoît,M,1968-05-31,133
5,CHÉRON,James,M,1977-12-22,134
5,DEMONCHY,Martine,F,1960-10-27,135
5,DURAND,Jean-Louis,M,1961-04-01,136
5,DUROX,Aymeric,M,1985-08-06,137
5,GARRIDO,Raquel,F,1974-04-23,138
5,JEUNEMAÎTRE,Eric,M,1956-05-28,139
5,JURAVER,Philippe,M,1959-12-17,140
5,LACROUTE,Valérie,F,1965-10-29,141
5,LE MEUR,Stéphanie,F,1974-01-02,142
5,MIGUEL,Paul,M,1953-12-25,143
5,MOLLARD-CADIX,Laure-Agnès,F,1992-01-27,144
5,PARADOL,François,M,1987-09-27,145
5,PASCOA DOS SANTOS,Angela,F,1971-04-11,146
5,REZEG,Hamida,F,1972-11-09,147
5,ROULLAUD,Béatrice,F,1960-06-09,148
5,TORTRAT,Nathalie,F,1967-10-16,149
5,VALLETOUX,Frédéric,M,1966-08-23,150
5,VAN,Thi Hong Chau,F,1970-08-01,151
5,VOGEL,Louis,M,1954-10-22,152
5,BARROT,Jean-Noël,M,1983-05-13,153
5,BERGÉ,Aurore,F,1986-11-13,154
5,BERNO DOS SANTOS,Sandrine,F,1972-09-24,155
5,CABRIT,Anne,F,1970-06-01,156
5,DAMERGY,Sami,M,1964-09-14,157
5,DAVIN,Jean-Roger,M,1961-09-20,158
5,DE BOURROUSSE,Arnaud,M,1964-03-03,159
5,DE ROZIÈRES,Babette,F,1946-05-27,160
5,DELAPORTE,Olivier,M,1951-07-29,161
5,DIOP,Dieynaba,F,1974-07-15,162
5,DUBLANCHE,Alexandra,F,1982-04-25,163
5,DUCROHET,Élodie,F,1983-06-20,164
5,FOUCHÉ,Huguette,F,1951-12-07,165
5,GARNIER,Julie,F,1983-08-12,166
5,GOURLAN,Thomas,M,1973-01-07,167
5,HABERT-DUPUIS,Sylvie,F,1962-04-16,168
5,HAMON,Benoît,M,1967-06-26,169
5,HULEUX,Jacques,M,1948-03-14,170
5,LUCE,Jean-Philippe,M,1984-03-17,171
5,MESSIER,Anne,F,1971-02-07,172
5,MORIN,Laurent,M,1976-05-11,173
5,NASROU,Othman,M,1987-07-13,174
5,PARMENTIER,Caroline,F,1965-12-16,175
5,PIGANEAU,Sylvie,F,1957-05-11,176
5,POIRET,Vincent,M,1971-07-17,177
5,PÉCRESSE,Valérie,F,1967-07-14,178
5,REGNAULT,Jérôme,M,1975-01-26,179
5,RIVAUD,Richard,M,1964-09-15,180
5,SENÉE,Ghislaine,F,1969-02-14,181
5,SIMON,Josiane,F,1972-08-01,182
5,TRIGANCE,Yannick,M,1962-07-13,183
5,BEAUDET,Stéphane,M,1972-05-25,184
5,CAMARA,Lamine,M,1979-02-27,185
5,CARILLON,Sylvie,F,1965-01-14,186
5,CHIKIROU,Sophia,F,1979-06-03,187
5,DAMERVAL,François,M,1979-08-31,188
5,DE LASTEYRIE,Grégoire,M,1984-08-14,189
5,DE MONTCHALIN,Amélie,F,1985-06-19,190
5,DUGOIN-CLÉMENT,Jean-Philippe,M,1975-08-15,191
5,DURANTON,Marianne,F,1968-05-12,192
5,GROS,Aurélie,F,1980-12-30,193
5,GUEDJ,Jérôme,M,1972-01-23,194
5,GUIBERT,Audrey,F,1986-07-07,195
5,HIDRI,Faten,F,1981-04-09,196
5,HÉBERT,Gérard,M,1960-01-31,197
5,KRIBI-ROMDHANE,Hella,F,1980-03-20,198
5,LAMIRÉ,Sandrine,F,1971-10-14,199
5,LEGRAND,Aurélien,M,1983-03-27,200
5,OGBI,Fatima,F,1975-05-28,201
5,REDA,Robin,M,1991-05-10,202
5,SY,Mama,F,1986-11-03,203
5,VIGIER,Jean-François,M,1963-06-20,204
5,VILAIN,Jean-Marie,M,1959-06-10,205
5,AESCHLIMANN,Marie-Do,F,1974-04-17,206
5,AZZAZ,Nadège,F,1981-09-16,207
5,BAELDE,Charlotte,F,1988-10-06,208
5,BERGER,Jean-Didier,M,1980-01-23,209
5,BOUZID,Élodie,F,2002-06-03,210
5,CUIP,Mathieu,M,1989-05-20,211
5,DE PAMPELONNE,Florence,F,1962-04-07,212
5,DE SAINT JUST,Wallerand,M,1950-07-06,213
5,DENIZIOT,Pierre,M,1981-09-19,214
5,DESCHIENS,Sophie,F,1962-04-06,215
5,DIDIER,Geoffroy,M,1976-04-12,216
5,GABRIEL,Denis,M,1960-07-17,217
5,GAUDUCHEAU,Bernard,M,1955-06-26,218
5,GUERIN,Sébastien,M,1978-03-22,219
5,GUILLERM,Carole,F,1987-01-08,220
5,HAMZA,Nassera,F,1971-01-11,221
5,JACOB-CHAILLET,Marion,F,1971-03-21,222
5,JULIARD-GENDARME,Armelle,F,1971-06-25,223
5,JUVIN,Philippe,M,1964-02-01,224
5,LAURENT,Hadrien,M,1989-09-12,225
5,LAURENT,Philippe,M,1954-05-14,226
5,LE PEN,Marie-Caroline,F,1960-01-23,227
5,LIEBMANN MONZANI,Sandra,F,1971-05-13,228
5,MARIAUD,Sylvie,F,1964-08-07,229
5,MARTINI PEMEZEC,Carine,F,1967-11-17,230
5,MESADIEU,Anne-Louise,F,1976-01-12,231
5,NENNER,Charlotte,F,1972-08-17,232
5,ORJEBIN,Viannay,M,1989-06-25,233
5,PELAIN,Pascal,M,1973-11-09,234
5,QNOUCH,Raphaël,M,1982-08-03,235
5,ROMERO,Roberto,M,1968-01-04,236
5,SEGAUD,Carl,M,1973-04-07,237
5,SOLERE,Thierry,M,1971-08-17,238
5,TAQUILLAIN,Aurélie,F,1983-08-19,239
5,ADLANI,Farida,F,1976-03-11,240
5,AUTAIN,Clémentine,F,1973-05-26,241
5,BARDELLA,Jordan,M,1995-09-13,242
5,BESCHIZZA,Bruno,M,1968-03-24,243
5,BOURREAU,Murielle,F,1977-10-15,244
5,CARVALHINHO,Geoffrey,M,1990-01-11,245
5,CERRIGONE,Christine,F,1966-09-21,246
5,CHIBANE,Kader,M,1971-01-02,247
5,DELACROIX,Adrien,M,1981-01-15,248
5,HERVÉ,Stephen,M,1977-08-20,249
5,MARTIN,Murielle,F,1983-04-18,250
5,MECHTOUH,Sorayah,F,1990-12-11,251
5,MIGNOT,Didier,M,1962-04-18,252
5,SECK,Aissata,F,1980-02-20,253
5,THEVENOT,Prisca,F,1985-03-01,254
5,TORO,Ludovic,M,1959-02-16,255
5,BEDU,Vincent,M,1956-05-24,256
5,BOURIACHI,Philippe,M,1972-10-10,257
5,CAMARA,Yasmine,F,1982-12-05,258
5,CIUNTU,Marie-Carole,F,1964-11-09,259
5,CLAUDE,Jessie,F,1992-05-20,260
5,DE COMARMOND,Hélène,F,1964-03-15,261
5,DOSNE,Olivier,M,1961-01-20,262
5,DUSSAUSAYE,Gaëtan,M,1994-04-05,263
5,GERGEN,Colette,F,1981-03-10,264
5,GONZALES,Élise,F,1992-07-06,265
5,GUILLAUME-BATAILLE,Fabien,M,1975-02-03,266
5,HEBBRECHT,Thierry,M,1961-07-27,267
5,JEANBRUN,Vincent,M,1984-05-05,268
5,JEANNE,Laurent,M,1970-01-03,269
5,KIENZLEN,Jonathan,M,1980-12-17,270
5,LAHMER,Annie,F,1959-07-04,271
5,LIBERT-ALBANEL,Charlotte,F,1976-01-02,272
5,MARIA,Romain,M,1990-06-06,273
5,PERRU,Marie-Eve,F,1959-05-03,274
5,ROYER,Christel,F,1954-06-11,275
5,SAINT-MARTIN,Laurent,M,1985-06-22,276
5,WARGON,Emmanuelle,F,1971-02-24,277
5,BERESSI,Isabelle,F,1970-05-08,278
5,CHKROUN,Benjamin,M,1981-02-15,279
5,ELIMAS,Nathalie,F,1973-06-05,280
5,HUMBERT,Thibault,M,1972-04-21,281
5,JIMENEZ,Benoît,M,1989-07-15,282
5,LANASPRE,Nicole,F,1950-08-25,283
5,MARLY,Jean-Baptiste,M,1983-12-31,284
5,MELKI,Xavier,M,1979-03-25,285
5,PELEGRIN,Carine,F,1975-10-15,286
5,PORTELLI,Florence,F,1978-03-23,287
5,PRUDHOMME,Christophe,M,1960-08-29,288
5,RENARD,Jean-François,M,1962-04-04,289
5,RICARD-HIBON,Agnès,F,1966-03-23,290
5,RÉMY,Nadejda,F,1961-12-30,291
5,TEMAL,Rachid,M,1973-03-29,292
5,VALIER,France-Lise,F,1968-08-12,293
5,VON EUW,Stéphanie,F,1975-04-29,294
6,BEATRIX,Olivier,M,1972-08-06,295
6,BESSARD,Magali,F,1974-01-09,296
6,COQUIN,Christophe,M,1959-12-02,297
6,DE LA TOCNAYE,Thibaut,M,1958-10-20,298
6,FERRON,Julie,F,1979-07-09,299
6,FOURNIÉ,Philippe,M,1967-11-09,300
6,LOUISIN,Ambre,F,1999-06-02,301
6,POINTEREAU,Rémy,M,1953-03-30,302
6,RENIER,Laurence,F,1966-10-04,303
6,ROUSSEAU,Bernard,M,1956-09-26,304
6,BILLET,Pierre-Frédéric,M,1978-02-08,305
6,BOENS,Sylviane,F,1953-06-27,306
6,BONTHOUX,Michèle,F,1965-04-22,307
6,BRIDET,Jean-François,M,1971-08-09,308
6,COCHARD,Estelle,F,1965-06-18,309
6,DE OLIVEIRA,Virginia,F,1972-02-23,310
6,GEOLLOT,Lionel,M,1956-01-18,311
6,HUWART,Harold,M,1982-01-03,312
6,MEYBLUM,Elisabeth,F,1954-02-22,313
6,NIKOLIC,Aleksandar,M,1986-10-04,314
6,STEPANOFF,Anna,F,1982-08-21,315
6,VIGIER,Philippe,M,1958-02-03,316
6,BESNIER,Anne,F,1955-09-28,317
6,FORISSIER,Nicolas,M,1961-02-17,318
6,FOUCHET,Mathilde,F,1991-05-16,319
6,GENESTE,Delphine,F,1969-11-11,320
6,GODET,Jérémie,M,1985-12-24,321
6,ROULLET,Dominique,M,1953-03-11,322
6,WUNSCH,Mylène,F,1958-09-18,323
6,ANGENAULT,Marc,M,1961-05-05,324
6,AUGIS,Frédéric,M,1973-10-16,325
6,BÉJEAU,Lionel,M,1950-11-02,326
6,COMPAIN,Aymeric,M,1990-07-04,327
6,CRÉPIN,Guillaume,M,1975-12-12,328
6,FAUQUET,Christine,F,1959-07-06,329
6,FLAUNET,Régine,F,1955-04-18,330
6,GAY,Catherine,F,1958-06-25,331
6,GILLE,Jean-Patrick,M,1962-01-28,332
6,GIRARD,Temanuata,F,1976-01-13,333
6,HAAS,Betsabée,F,1972-02-19,334
6,LAHOREAU,Gaelle,F,1978-05-27,335
6,LEGASSE,Perico,M,1959-03-21,336
6,MOULAY,Mohamed,M,1974-11-16,337
6,MÜNSCH-MASSET,Cathy,F,1976-01-09,338
6,PAREUX,Sonia,F,1973-07-31,339
6,ROIRON,Pierre-Alain,M,1967-10-18,340
6,TEIXEIRA,Isabel,F,1971-06-20,341
6,AVRIL,Alexandre,M,1992-04-19,342
6,BARDET,Marine,F,1986-09-26,343
6,BENASSY,Delphine,F,1977-04-06,344
6,CHASSIER,Michel,M,1948-11-28,345
6,FESNEAU,Marc,M,1971-01-11,346
6,FOURNIER,Charles,M,1968-03-10,347
6,GLOANEC MAURIN,Karine,F,1958-01-11,348
6,GRICOURT,Marc,M,1961-04-05,349
6,LEONARD,Emmanuel,M,1970-12-31,350
6,TOUCHAIN-MALTÊTE,Gaëtane,F,1977-03-25,351
6,BABIN,Elodie,F,1990-08-16,352
6,BONNEAU,François,M,1953-10-12,353
6,BOUÉ,Dominique,M,1965-12-09,354
6,CAILLOU-ROBERT,Cécile,F,1970-07-03,355
6,CANETTE,Carole,F,1970-12-03,356
6,CARO,Aurore,F,1993-06-20,357
6,DE PÉLICHY,Constance,F,1986-04-01,358
6,DUBOIS,Sylvie,F,1960-03-26,359
6,FISCHER,Karin,F,1972-06-29,360
6,GABORET,Jalila,F,1972-12-16,361
6,GRÉGOIRE,Sandrine,F,1974-07-29,362
6,HEMARDINQUER,Cyril,M,1981-11-05,363
6,JACQUET,David,M,1969-09-20,364
6,JEAN,Arnaud,M,1971-06-16,365
6,MERCIER,Romain,M,1991-10-31,366
6,MONTILLOT,Florent,M,1953-09-28,367
6,MÉNAGÉ,Thomas,M,1992-01-06,368
6,PARIS,Mathilde,F,1985-01-14,369
6,SAUTREUIL,Magali,F,1987-04-15,370
6,SCHLESINGER,Matthieu,M,1982-02-23,371
7,BECQUET,Alain,M,1975-11-24,372
7,BOURGOIS,Dominique Alexandre,M,1946-08-04,373
7,CHARRET-GODARD,Océane,F,1982-11-22,374
7,DUGOURD,François-Xavier,M,1961-04-30,375
7,DÉCHAUD,Martine,F,1966-11-08,376
7,FORTIER,Mélanie,F,1998-04-22,377
7,HAMEAU,Denis,M,1967-01-05,378
7,LAGNEAU,Aurore,F,1983-09-19,379
7,LIORET,René,M,1952-01-13,380
7,MODDE,Stéphanie,F,1968-04-22,381
7,MOLINOZ,Patrick,M,1970-01-14,382
7,MOUROT,Sylviane,F,1958-10-28,383
7,NEUGNOT,Michel,M,1950-10-13,384
7,PARIS,Didier,M,1954-02-14,385
7,POINSEL,Marie,F,1977-04-08,386
7,RETY,Jean-Marc,M,1970-09-22,387
7,SADON,Catherine,F,1954-11-07,388
7,SUGUENOT,Alain,M,1951-09-17,389
7,TENENBAUM,Françoise,F,1950-10-15,390
7,WOYNAROSKI,Stéphane,M,1971-02-23,391
7,AYACHE,Patrick,M,1952-01-15,392
7,BARTHELET,Catherine,F,1970-12-14,393
7,BIGUINET,Marie-Noëlle,F,1956-12-27,394
7,CHIAPPA-KIGER,Myriam,F,1970-07-25,395
7,DUFAY,Marie-Guite,F,1949-05-21,396
7,FRITSCH,Nathalie,F,1965-06-21,397
7,GRANGIER,Géraldine,F,1975-02-13,398
7,GROSPERRIN,Jacques,M,1955-10-17,399
7,GUINEBERT,Matthieu,M,1995-10-03,400
7,HAKKAR-BOYER,Nabia,F,1983-07-06,401
7,HÉRARD,Bénédicte,F,1968-01-02,402
7,INEZARENE,Salima,F,1973-11-19,403
7,LUTZ,Thomas,M,1973-03-29,404
7,MARTHEY,Arnaud,M,1973-09-29,405
7,MERCIER,Claude,M,1951-02-24,406
7,MOREL,Christian,M,1959-06-29,407
7,PAGNOT,Valérie,F,1985-01-06,408
7,RAPENNE,Amandine,F,1984-02-05,409
7,RICCIARDETTI,Jacques,M,1965-05-26,410
7,BOURGEOIS,Willy,M,1988-09-08,411
7,CLERC,Catherine,F,1953-06-04,412
7,EL MEZOUGHI,Rim,F,1974-05-01,413
7,GRABY,Valérie,F,1969-02-19,414
7,LONCHAMPT,Dominique,M,1958-12-14,415
7,LUCCHESI,Liliane,F,1953-04-10,416
7,PERSIL,Sarah,F,1984-02-27,417
7,PONCET,Frédéric,M,1968-02-15,418
7,SERMIER,Jean-Marie,M,1961-03-05,419
7,BOUJLILAT,Hicham,M,1975-04-26,420
7,DUMONT,Anne-Marie,F,1956-02-20,421
7,GERMAIN,Sandra,F,1969-12-15,422
7,GUIBERT,Julien,M,1984-05-11,423
7,LIRON,Isabelle,F,1965-07-09,424
7,MATHIEU,Sylvain,M,1975-09-19,425
7,THURIOT,Denis,M,1966-08-19,426
7,CHAUVELOT-DUBAN,Claudy,F,1963-08-30,427
7,DEBELLEMANIÈRE,Jocelyne,F,1957-02-08,428
7,HOULLEY,Eric,M,1961-07-01,429
7,JOYANDET,Alain,M,1954-01-15,430
7,LAVAL,Thomas,M,1992-04-13,431
7,LAZAR,Gilles,M,1955-11-08,432
7,MARTIN,Inès,F,1992-02-25,433
7,NARDIN,Sylvie,F,1959-08-27,434
7,NIEPCERON,Loïc,M,1948-05-04,435
7,THOMAS,Marie-Claire,F,1961-03-04,436
7,BRAMANT,Jacqueline,F,1948-02-24,437
7,CARLE-VIGUIER,Catherine,F,1962-12-11,438
7,CHARLIER,Franck,M,1970-04-04,439
7,CHOPARD,Francine,F,1957-04-04,440
7,DAMIEN,Olivier,M,1955-03-22,441
7,DELOGE,Valérie,F,1966-05-09,442
7,DURAIN,Jérôme,M,1969-06-02,443
7,DUTREMBLE,Aurélien,M,1978-12-23,444
7,GORDAT,Gérald,M,1981-05-23,445
7,LAGRANGE,Jean-Claude,M,1956-10-01,446
7,LEBLANC,Nathalie,F,1967-01-12,447
7,MAJEWSKI,Dorothée,F,1962-12-13,448
7,MALLARD,Claire,F,1978-03-17,449
7,MARTINEZ,Laëtitia,F,1982-08-13,450
7,NORMIER,Christophe,M,1956-06-10,451
7,PLATRET,Gilles,M,1973-04-19,452
7,REBEYROTTE,Rémy,M,1966-03-27,453
7,VEAU,Bertrand,M,1974-04-06,454
7,VOILLOT,Fabrice,M,1976-03-04,455
7,BLAISE,Pascal,M,1955-06-11,456
7,BLIN,Patrick,M,1957-07-14,457
7,BÄHR,Céline,F,1991-02-20,458
7,CROST,Jean-Pierre,M,1956-04-14,459
7,DEMERSSEMAN,Gilles,M,1960-05-28,460
7,HABSAOUI,Jamilah,F,1977-09-06,461
7,LABOSSE,Nathalie,F,1967-06-15,462
7,LOPEZ,Audrey,F,1976-09-10,463
7,ODOUL,Julien,M,1985-05-08,464
7,POIFOL-FERREIRA,Isabelle,F,1963-06-06,465
7,SAULNIER-ARRIGHI,Jean-Philippe,M,1953-03-29,466
7,SORET,Nicolas,M,1981-02-05,467
7,IANNICELLI,Sandra,F,1975-05-06,468
7,OTERNAUD,Eric,M,1963-01-04,469
7,SOUSTELLE,Christophe,M,1969-08-12,470
7,TERNANT,Muriel,F,1976-05-05,471
8,AUGÉ,Geneviève,F,1991-02-13,472
8,CHAPRON,Philippe,M,1956-05-19,473
8,DE GIBON,Sophie,F,1962-03-29,474
8,DÉTERVILLE,Gilles,M,1957-04-02,475
8,GAUGAIN,Sophie,F,1974-08-27,476
8,GOMONT,Patrick,M,1960-06-21,477
8,GOURNEY LECONTE,Catherine,F,1974-10-29,478
8,GRENIER,Sylvie,F,1969-01-05,479
8,HENRY,Chantal,F,1972-04-01,480
8,JOLIVET-SERVANT,Claire,F,1990-05-02,481
8,L'ORPHELIN,Rudy,M,1982-03-20,482
8,LAHALLE,Lynda,F,1968-03-19,483
8,LE VERN,Marie,F,1983-01-11,484
8,MILLET,Marc,M,1971-05-01,485
8,MILLIEZ,Paul,M,1969-01-15,486
8,NOUVELOT,Cédric,M,1976-09-17,487
8,OLIVIER,Aristide,M,1981-09-26,488
8,PORTE,Nathalie,F,1973-02-02,489
8,RECHER,Bastien,M,1978-05-14,490
8,RENOUF,Aminthe,F,1987-02-06,491
8,ROY,Jean-Philippe,M,1966-03-05,492
8,THOMAS,Rodolphe,M,1962-08-08,493
8,TOUGARD,Serge,M,1948-11-15,494
8,YON-COURTIN,Stéphanie,F,1974-03-28,495
8,BAKI,Gisèle,F,1976-01-30,496
8,BALSAN,Benoît,M,1990-06-22,497
8,BEAUTÉ,Tibaut,M,1957-04-04,498
8,CHEVALIER,Marie-Noëlle,F,1952-12-25,499
8,DOSSANG,Guy,M,1949-12-08,500
8,HOUSSIN,Timothée,M,1988-05-29,501
8,LEFRAND,Guy,M,1963-03-11,502
8,MAUREY,Hervé,M,1961-05-07,503
8,MORIN,Hervé,M,1961-08-17,504
8,OUADAH,Hafidha,F,1976-04-17,505
8,OUZILLEAU,François,M,1984-09-18,506
8,PIEL,Alexandra,F,1974-10-04,507
8,PRIOLLAUD,François-Xavier,M,1975-07-07,508
8,REMY-BASTIT,Cécile,F,1969-05-10,509
8,SANCHEZ,Laetitia,F,1972-10-08,510
8,SEGUELA,Martine,F,1961-11-09,511
8,TREMEL,Emmanuelle,F,1979-01-25,512
8,VEYRI,Timour,M,1981-08-07,513
8,BARENTON GUILLAS,Julie,F,1975-04-14,514
8,FERREIRA,Angélique,F,1975-06-29,515
8,HÉDOUIN,Guillaume,M,1976-03-10,516
8,JEAN,Antoine,M,1992-09-25,517
8,KURDZIEL,Marie-Françoise,F,1958-01-26,518
8,LAISNEY,Valérie,F,1966-02-05,519
8,LETOUZÉ,Sylvain,M,1979-12-20,520
8,MARGUERITTE,David,M,1980-06-19,521
8,MARIE,Pascal,M,1967-02-16,522
8,MAUBÉ,Stéphanie,F,1979-11-26,523
8,MAZIER,Florence,F,1971-05-28,524
8,PIC,Anna,F,1978-06-04,525
8,PJANIC,Olivier,M,1976-10-14,526
8,ROUSSEAU,Claire,F,1962-04-19,527
8,ROZET,Marianne,F,1969-07-27,528
8,VOGT,Pierre,M,1955-07-11,529
8,BEAUVAIS,Laurent,M,1952-06-24,530
8,CHOQUET,Brigitte,F,1956-08-25,531
8,DENIAUD,Bertrand,M,1972-02-02,532
8,GAUER,Claire-Emmanuelle,F,1992-01-27,533
8,HABIBI-NOORI,Sophia,F,2001-02-20,534
8,LIGER,Thierry,M,1970-05-27,535
8,MARTING,Laurent,M,1967-11-07,536
8,MEUNIER,Catherine,F,1965-12-26,537
8,BAY,Nicolas,M,1977-12-21,538
8,BLOC,Jean-François,M,1957-02-08,539
8,BOEUF,Augustin,M,1989-07-23,540
8,BONNATERRE,Laurent,M,1973-01-15,541
8,BONNET,Yves,M,1935-11-20,542
8,BOULANGER,Mélanie,F,1976-10-13,543
8,BRASSE,Matthieu,M,1985-01-26,544
8,BÉREGOVOY,Véronique,F,1967-08-16,545
8,CAROLO-LUTROT,Virginie,F,1973-09-17,546
8,CHERRIERE,Malika,F,1966-05-16,547
8,DE LAMAZE,Edouard,M,1954-04-28,548
8,DEJEAN DE LA BATIE,Hubert,M,1954-05-10,549
8,DELALANDRE,Jean,M,1982-06-05,550
8,DELESQUE,Ludovic,M,1977-05-12,551
8,EUDIER,Clotilde,F,1973-06-25,552
8,FONTAINE,David,M,1981-09-11,553
8,FROGER,Eve,F,1996-10-25,554
8,GASTINNE,Jean-Baptiste,M,1967-06-02,555
8,GOULAY,Sabrina,F,1979-03-03,556
8,GUÉRY,Naoual,F,1980-01-24,557
8,HADDAD,Jonas,M,1987-12-14,558
8,HAUTOT,Pierre-Emmanuel,M,1973-09-09,559
8,HERBET,Eric,M,1968-04-01,560
8,HOUBRON,Pascal,M,1967-02-22,561
8,LALOI,Agnès,F,1970-08-22,562
8,LANCELOT,Vanessa,F,1971-03-31,563
8,LEFRANÇOIS,Xavier,M,1959-09-11,564
8,LOUISY-LOUIS,Aline,F,1967-05-19,565
8,MALHERBE,Laëtitia,F,1989-07-27,566
8,MARTIN,Benedicte,F,1977-04-11,567
8,MORIN-DESAILLY,Catherine,F,1960-07-06,568
8,NIANG-FOUQUET,Oumou,F,1982-01-27,569
8,PENNELLE,Guillaume,M,1975-02-19,570
8,POUSSIER-WINSBACK,Marie-Agnès,F,1967-03-25,571
8,ROUX,Marie-Hélène,F,1965-01-13,572
8,THOMAS,Anaïs,F,1994-11-15,573
9,BERTRAND,Xavier,M,1965-03-21,574
9,CLOBOURSE,Elisabeth,F,1957-02-19,575
9,COULON,Christophe,M,1973-05-11,576
9,DELHAYE,Eric,M,1968-12-21,577
9,DONNAY,Eric,M,1983-05-05,578
9,ENGRAND,Olivier,M,1961-07-19,579
9,FLAMANT,Sarah,F,1967-05-18,580
9,HANSEN-CATTA,Paul-Henry,M,1956-07-25,581
9,ITTELET,Isabelle,F,1971-11-16,582
9,JANIER DUBRY,Nelly,F,1979-01-17,583
9,LAYER,Marie-Ange,F,1957-08-27,584
9,MACAREZ,Frédérique,F,1977-12-13,585
9,MOYSE,Dominique,M,1966-10-06,586
9,TORRE,Philippe,M,1964-11-08,587
9,VANNOBEL,Bernadette,F,1950-07-05,588
9,ANDRIS,Régine,F,1947-07-18,589
9,BARA,Laurence,F,1969-01-22,590
9,BARISEAU,Florence,F,1972-06-24,591
9,BATAILLE,Jean-Pierre,M,1963-10-24,592
9,BAZAN,Laure,F,1981-07-08,593
9,BERTELOOT,Pierrick,M,1999-01-11,594
9,BEYAERT,Martial,M,1971-06-16,595
9,BOISSEAUX,Anne-Sophie,F,1973-06-01,596
9,BOURGHELLE-KOS,Nadège,F,1968-06-08,597
9,BROHARD,Yannick,M,1974-03-15,598
9,BRUN,Cédric,M,1979-08-31,599
9,BRUNET,Sylvaine,F,1972-06-30,600
9,CABAYE,Maxime,M,1977-04-27,601
9,CAMBIER,Guislain,M,1971-07-18,602
9,CASTIGLIONE,Salvatore,M,1970-02-18,603
9,CHENU,Sébastien,M,1973-04-13,604
9,COLSON,Aurore,F,1975-04-19,605
9,DE TEMMERMAN,Jennifer,F,1977-02-16,606
9,DECAGNY,Arnaud,M,1972-09-30,607
9,DELANNOY,Sandra,F,1974-05-01,608
9,DELBAR,Guillaume,M,1971-05-17,609
9,DELEBARRE,Christelle,F,1974-08-04,610
9,DELEFORTRIE,Christine,F,1966-06-02,611
9,DELLI,Karima,F,1979-03-04,612
9,DESCAMPS,Carlos,M,1968-04-08,613
9,DHALLUIN,Héloïse,F,1978-02-09,614
9,DHERSIN,Franck,M,1962-06-18,615
9,DISDIER,Mélanie,F,1974-01-27,616
9,DORCHIES,Mady,F,1960-12-05,617
9,DROBINOHA,Nathalie,F,1963-01-18,618
9,DUCRET,Stéphanie,F,1970-08-15,619
9,DUFOSSET,Alexandre,M,1998-08-24,620
9,DURAND,Eric,M,1958-11-11,621
9,EYMERY,Philippe,M,1951-12-10,622
9,FENAIN,Virginie,F,1976-08-29,623
9,FONTAINE,Jean-Paul,M,1970-10-07,624
9,FOUTRY,Luc,M,1974-05-10,625
9,GERARD,Bernard,M,1953-08-29,626
9,GOMBERT,Sandrine,F,1970-04-22,627
9,GONDY,Elisabeth,F,1958-11-03,628
9,GONSSE,Franck,M,1977-10-06,629
9,HERIZI,Samira,F,1977-09-11,630
9,HUTCHINSON,Yvan,M,1975-04-13,631
9,HUYGHE,Sébastien,M,1969-10-25,632
9,KERRICH-BERNARD,Sarah,F,1992-09-13,633
9,LEFEBVRE,Frédéric,M,1971-03-12,634
9,LERMYTTE-BAVAY,Marie-Claude,F,1965-06-04,635
9,LESNE,Marie-Sophie,F,1971-07-25,636
9,LUBREZ,Caroline,F,1975-07-15,637
9,LUCAS,Benjamin,M,1990-10-08,638
9,MICHALAK,Jean-Michel,M,1971-08-04,639
9,MOTTE,Frédéric,M,1964-07-31,640
9,NAVE,Adrien,M,1991-10-25,641
9,PLANCKE,Patricia,F,1958-10-31,642
9,POIX,Julien,M,1985-07-20,643
9,PONCHAUX,Danièle,F,1945-08-18,644
9,RIGAUD,Laurent,M,1970-12-09,645
9,ROHART,Ludovic,M,1970-06-29,646
9,ROUCHET,Margaux,F,1993-09-10,647
9,SAINT-HUILE,Benjamin,M,1983-05-10,648
9,SILLANI,Antoine,M,1991-03-13,649
9,SIMÉON,Serge,M,1952-07-28,650
9,SIX,Valérie,F,1963-01-11,651
9,TASZAREK,Anne-Sophie,F,1986-09-02,652
9,TEINTENIER,Véronique,F,1965-02-05,653
9,TEMPREMANT,Grégory,M,1978-10-05,654
9,TIRMARCHE,Benoit,M,1982-07-13,655
9,VARET,Edith,F,1955-12-22,656
9,VUYLSTEKER,Katy,F,1986-08-24,657
9,CAUWEL,Jean,M,1955-05-06,658
9,COURTIAL,Edouard,M,1973-06-28,659
9,DESHAYES,François,M,1964-08-06,660
9,FONTAINE-BARBIER,Anne-Sophie,F,1971-06-04,661
9,GUINIOT,Michel,M,1954-11-29,662
9,HARLÉ D'OPHOVE,Guy,M,1948-01-31,663
9,HAVEZ,Audrey,F,1976-12-04,664
9,HERBANNE,Chanez,F,1993-03-11,665
9,LAMARQUE,Emmanuelle,F,1978-05-26,666
9,LEBAS,Nathalie,F,1980-08-03,667
9,LECA,Daniel,M,1985-09-24,668
9,LUZI,Fulvio,M,1963-08-08,669
9,MARAIS-BEUIL,Claire,F,1958-11-04,670
9,MARTIN,Manoëlle,F,1970-07-25,671
9,MASSAU,Fatima,F,1954-12-25,672
9,METTAI,Gilles,M,1970-12-13,673
9,MIQUEL,Martine,F,1950-05-24,674
9,OUIZILLE,Alexandre,M,1988-06-18,675
9,PYPE,Denis,M,1971-03-26,676
9,SECK,Marianne,F,1983-07-13,677
9,SOUFFLET,Jean-Louis,M,1953-01-17,678
9,AGIUS,Emmanuel,M,1973-01-04,679
9,BAUDE,Bernard,M,1961-07-02,680
9,BEAUCHAMPS,Philippe,M,1963-03-29,681
9,BIEGALSKI,Valérie,F,1975-09-07,682
9,BILDE,Bruno,M,1976-09-22,683
9,BOMMART,Émilie,F,1982-07-02,684
9,BOUCHART,Natacha,F,1963-05-29,685
9,BRICE,Laurent,M,1972-07-07,686
9,CARON,Philippe,M,1952-04-05,687
9,CASIER,Odile,F,1975-07-17,688
9,CLAVET,Bruno,M,1989-05-06,689
9,CLOEZ,Elodie,F,1997-09-16,690
9,COUSIN,Alexandre,M,1984-09-09,691
9,DECOSTER,François,M,1973-04-17,692
9,DELAIRE,Marie-Noëlle,F,1958-12-22,693
9,DESFONTAINES,Cathy,F,1982-11-16,694
9,DHIFALLAH,Mabrouka,F,1979-12-17,695
9,DUCLOY,Michèle,F,1958-06-23,696
9,DUMONT-DESEIGNE,Véronique,F,1955-08-04,697
9,DURIEZ,Marie-Christine,F,1956-01-25,698
9,ELAZOUZI,Hakim,M,1986-08-23,699
9,ENGRAND,Christine,F,1955-05-07,700
9,FASQUELLE,Daniel,M,1963-01-16,701
9,FATNA,Huguette,F,1948-08-08,702
9,FINEZ,Sabine,F,1972-09-02,703
9,FOURNIER,Catherine,F,1955-09-16,704
9,GACQUERRE,Amel,F,1976-12-20,705
9,GENELLE,André,M,1979-04-10,706
9,GHEERBRANT,Nathalie,F,1959-08-15,707
9,GIBSON,Pierre-Emmanuel,M,1985-09-19,708
9,HEUSÈLE,Alban,M,1981-02-16,709
9,JOMBART,Simon,M,1989-10-31,710
9,JOUVENEL,Anthony,M,1980-04-12,711
9,JUILIEN-PEUVION,Paulette,F,1961-10-06,712
9,LETURQUE,Frédéric,M,1968-09-10,713
9,MALIAR,Faustine,F,1995-06-07,714
9,MARCELLAK,Serge,M,1971-07-23,715
9,MERLIER-LEQUETTE,Sophie,F,1972-10-07,716
9,PLANQUE,Olivier,M,1973-06-14,717
9,PROUVOT,Laurence,F,1967-05-31,718
9,RAPIN,Jean-François,M,1966-05-11,719
9,RICHARD,Nicolas,M,1964-09-20,720
9,SADOUNE,Samia,F,1971-05-26,721
9,SZCZUREK,Christopher,M,1985-06-11,722
9,TACCOEN,Jean-Michel,M,1964-08-23,723
9,TETARD,Ghislain,M,1952-12-28,724
9,TONDELIER,Marine,F,1986-08-23,725
9,BILLET,Nathalie,F,1990-12-11,726
9,BUTEL,Yves,M,1948-11-01,727
9,DEMARTHE,Pascal,M,1960-01-29,728
9,DOMISE,Martin,M,1989-11-20,729
9,FAGOT,Maryse,F,1958-10-30,730
9,FOURÉ,Brigitte,F,1955-08-13,731
9,HAMDANE,Zahia,F,1965-05-14,732
9,HUTIN,Thomas,M,1975-06-25,733
9,JOLY,Claire,F,1981-06-11,734
9,LHOMME,Brigitte,F,1960-07-26,735
9,LORIC,Jean-Christophe,M,1973-10-12,736
9,MAQUET,Emmanuel,M,1968-06-02,737
9,MULOT,Jean-Paul,M,1960-12-02,738
9,PINON,Anne,F,1970-12-29,739
9,POUPART,Patricia,F,1965-11-28,740
9,QUIGNON,Catherine,F,1964-04-04,741
9,TANGUY,Jean-Philippe,M,1986-03-25,742
9,THÉVENIAUD,Philippe,M,1961-08-14,743
10,DUMONT,Christophe,M,1959-02-02,744
10,GAILLOT,Pascale,F,1967-06-16,745
10,MARÉCHAL,Guillaume,M,1986-09-17,746
10,NORTH,Bruno,M,1964-04-17,747
10,RAVIGNON,Boris,M,1975-11-30,748
10,RODRIGUES,Virginie,F,1980-01-01,749
10,SCHNEIDER,Patricia,F,1958-04-09,750
10,WARSMANN,Jean-Luc,M,1965-10-22,751
10,BORDE,Philippe,M,1967-04-19,752
10,DUCHÊNE,Annie,F,1961-09-09,753
10,DUPRÉ,Gaëlle,F,1972-01-23,754
10,HÉLIOT-COURONNE,Isabelle,F,1964-05-11,755
10,JACOBELLI,Laurent,M,1969-10-13,756
10,MEUNIER,Maxence,M,1971-03-06,757
10,RANC,Angélique,F,1988-03-16,758
10,SEBEYRAN,Marc,M,1952-09-13,759
10,WYSOCINSKI,Ghislain,M,1964-10-18,760
10,CHEVALIER,Cédric,M,1973-03-10,761
10,DESBROSSE,Jacky,M,1952-11-04,762
10,DUCHÊNE,Thibaut,M,1981-03-24,763
10,ERRE,Pascal,M,1957-10-06,764
10,FRIGOUT,Anne-Sophie,F,1991-04-11,765
10,KURIC,Aina,F,1987-05-15,766
10,LEROY,Franck,M,1963-01-12,767
10,LIZOLA,Martine,F,1958-10-24,768
10,MARCHET,Véronique,F,1966-04-15,769
10,MARCOULT,Florence,F,1983-09-18,770
10,MOREAU,Béatrice,F,1976-01-12,771
10,PERARD,Ludivine,F,1990-11-02,772
10,PHILIPPO,Baptiste,M,1991-06-07,773
10,QUENARD,Eric,M,1972-06-26,774
10,RICARDE,Myriam,F,1972-02-25,775
10,ROBINET,Arnaud,M,1975-04-30,776
10,CEDELLE,Alain,M,1964-05-20,777
10,CHEVILLON,Marie-Gabrielle,F,1980-07-30,778
10,DELONG,Sophie,F,1957-07-17,779
10,FABRE,Frédéric,M,1960-05-23,780
10,HASSELER,Jean-Paul,M,1956-12-15,781
10,MARASI,Étienne,M,1978-02-27,782
10,CHARTREUX,Fabrice,M,1966-05-17,783
10,CHOSEROT,Christophe,M,1970-01-06,784
10,DEBORD,Valérie,F,1971-11-29,785
10,DI REZZE,Muriel,F,1976-04-20,786
10,DONNEN,Marie-Claire,F,1959-11-07,787
10,EURY,Grégoire,M,1967-10-14,788
10,GUILLOTIN,Véronique,F,1962-11-03,789
10,GÉRARD,Sandrine,F,1962-07-20,790
10,HUSSON,Jean-François,M,1961-04-17,791
10,KRIN,Géraldine,F,1976-02-19,792
10,LASSUS,Anne,F,1968-11-22,793
10,LEMOINE,Henry,M,1957-04-04,794
10,MASSON,Bertrand,M,1974-04-04,795
10,MELET,Patricia,F,1968-09-15,796
10,MINUTIELLO,Bruno,M,1975-11-10,797
10,MORENVILLIER,Philippe,M,1965-12-06,798
10,RENAUD,Dominique,F,1953-04-20,799
10,TILLARD,Hervé,M,1968-06-23,800
10,WERNER,François,M,1963-03-03,801
10,YILMAZ,Bora,M,1979-06-18,802
10,HIBOUR,Atissar,F,1981-09-20,803
10,HURLAIN,Laëtitia,F,1985-08-01,804
10,LEROY,Jessica,F,1982-01-10,805
10,MAILFAIT,Marc,M,1963-02-27,806
10,MANGIN,Philippe,M,1957-03-02,807
10,MENONVILLE,Franck,M,1972-10-03,808
10,BAILLOT,Catherine,F,1956-01-17,809
10,BAUCHAT,Olivier,M,1969-12-04,810
10,BEAUVAIS,Fabienne,F,1959-08-14,811
10,BELRHITI,Catherine,F,1962-08-10,812
10,CASSARO,Alexandre,M,1988-10-09,813
10,END,Jérôme,M,1979-04-09,814
10,ENGELMANN,Fabien,M,1979-05-07,815
10,GAREAUX,Evelyne,F,1951-10-31,816
10,GOUTH,Cédric,M,1981-07-18,817
10,GROLET,Françoise,F,1963-08-28,818
10,GROSDIDIER,François,M,1961-02-25,819
10,HENNARD,Naïla,F,1960-03-22,820
10,HORY,Thierry,M,1963-07-30,821
10,KIS,Stéphanie,F,1975-05-14,822
10,MASSON,Jean-Louis,M,1947-03-25,823
10,MAZZERO,Peggy,F,1978-04-03,824
10,MULLER,Yves,M,1957-08-24,825
10,PFEFFER,Kévin,M,1990-07-09,826
10,RAUCH,Isabelle,F,1968-08-10,827
10,ROMANI,Eliane,F,1957-10-30,828
10,SADOCCO,Remy,M,1968-08-02,829
10,SARTOR,Marie-Rose,F,1956-05-10,830
10,SCHMIT,Véronique,F,1969-04-16,831
10,SECONDÉ,Jean-François,M,1956-07-23,832
10,TAHRI,Bouabdellah,M,1978-12-20,833
10,TORLOTING,Brigitte,F,1956-12-04,834
10,VOINÇON,Marie-Claude,F,1966-01-11,835
10,WEBER,Michael,M,1974-03-17,836
10,WEY,Joëlle,F,1974-05-20,837
10,ZINGRAFF,Marc,M,1960-01-11,838
10,ANDREU SANCHEZ,Michel,M,1996-12-02,839
10,BUHL,Denise,F,1967-11-21,840
10,FISCHER,Bernard,M,1955-08-27,841
10,FURST,Laurent,M,1965-05-19,842
10,HORNBECK,Nadège,F,1990-01-05,843
10,HORNY-GONIER,Marianne,F,1959-03-29,844
10,JUNG,Pauline,F,1987-10-30,845
10,KERN,Claude,M,1959-03-13,846
10,PETER-OTT,Dyna,F,1973-09-12,847
10,PFLIEGERSDOERFFER,Frédéric,M,1964-11-11,848
10,PHILIPPS,Thibaud,M,1991-02-05,849
10,ROTTNER,Jean,M,1967-01-28,850
10,SCHANN,Gerard,M,1961-09-07,851
10,SCHULER,Georges,M,1956-04-22,852
10,SOHLER,Olivier,M,1970-08-13,853
10,STURNI,Claude,M,1962-08-25,854
10,THIEBAUT,Vincent,M,1972-05-23,855
10,TURAN,Hülliya,F,1977-07-11,856
10,WASERMAN,Sylvain,M,1967-12-08,857
10,WILLER,Christèle,F,1970-03-05,858
10,BLAISE,Sandra,F,1974-08-25,859
10,BRASTENHOFER,Aude,F,1993-07-17,860
10,D'ALGUERRE,Sylvie,F,1968-01-14,861
10,DEL GENINI,Élisabeth,F,1949-08-05,862
10,DELIOT,Manon,F,1998-07-20,863
10,FLOQUET,Patrick,M,1966-12-26,864
10,FRANÇOIS,Pierre,M,1986-04-15,865
10,GREMILLET,Daniel,M,1953-07-31,866
10,HUMBERT,Sébastien,M,1990-07-10,867
10,NAEGELEN,Christophe,M,1983-12-30,868
10,NOIRCLERE,Lou,M,1996-10-27,869
10,PRINCE,Charline,F,1993-02-07,870
10,VALENCE,David,M,1981-10-07,871
11,ANNEREAU,Béatrice,F,1978-05-09,872
11,AUCANT,William,M,1986-10-03,873
11,BAINVEL,Julien,M,1980-04-03,874
11,BERTU,Mahaut,F,1995-04-27,875
11,BOBLIN,Johann,M,1974-04-27,876
11,BOUCHET,Gauthier,M,1987-11-15,877
11,BUF,Jean-Michel,M,1963-07-05,878
11,CASCARINO,Sophie,F,1980-11-23,879
11,CLERGEAU,Christophe,M,1968-09-01,880
11,DE RUGY,François,M,1973-12-06,881
11,DEJOIE,Laurent,M,1955-10-15,882
11,DENIAUD,Dominique,M,1972-10-30,883
11,GACHET,Stéphane,M,1972-02-23,884
11,GUYOT,François,M,1979-03-15,885
11,HAMEAU,Pascale,F,1966-06-13,886
11,HUGUES,Claire,F,1973-12-15,887
11,IMPERIALE,Sandra,F,1981-02-01,888
11,JUVIN,Hervé,M,1956-01-29,889
11,LALANDE,Sabine,F,1968-07-19,890
11,LAMBERTHON,Anne-Sophie,F,1965-10-26,891
11,LOUVRIER,Franck,M,1968-05-30,892
11,MAHÉ,Véronique,F,1961-08-03,893
11,NICOLON,Franck,M,1963-05-27,894
11,NOURRY,Barbara,F,1976-10-24,895
11,ORDRONNEAU,Séverine,F,1972-02-26,896
11,PERRION,Maurice,M,1955-09-08,897
11,POIRIER,Nathalie,F,1966-12-26,898
11,PORCHER,Andréa,F,1985-05-15,899
11,PROVOST,Éric,M,1961-09-29,900
11,REVEL,Eléonore,F,1981-04-13,901
11,ROUGERON,Gaëlle,F,1967-05-03,902
11,THEBAULT,Alexandre,M,1984-12-14,903
11,THEVENIAU,Claire,F,1968-12-12,904
11,THIRIET,Richard,M,1971-01-11,905
11,VIOLLAND,Thierry,M,1966-03-26,906
11,WEISS,Pauline,F,1988-06-13,907
11,BEILLARD,Sylvie,F,1969-06-28,908
11,BELLIARD,Jean-Louis,M,1967-03-12,909
11,BRANCOUR,Roch,M,1973-10-02,910
11,DAUVILLON,Anita,F,1961-04-15,911
11,DE CHABOT,Gabriel,M,1981-09-02,912
11,FREMY,Eric,M,1969-03-30,913
11,GRELIER,Eric,M,1962-05-05,914
11,LEROY,Isabelle,F,1967-09-29,915
11,MARION,Roland,M,1973-06-05,916
11,MARTIN,André,M,1970-06-12,917
11,MAUSSION,Patricia,F,1968-09-23,918
11,NEBBULA,Constance,F,1990-10-28,919
11,ORPHELIN,Matthieu,M,1972-12-03,920
11,POT,Christophe,M,1969-07-21,921
11,RICHARD,Elsa,F,1987-02-02,922
11,RIOU,Yamina,F,1982-09-23,923
11,SAEIDI,Arash,M,1975-05-25,924
11,TOURON,Éric,M,1964-12-04,925
11,VÉRON,Céline,F,1970-04-01,926
11,DESILLIÈRE,Florence,F,1967-09-14,927
11,GAROT,Guillaume,M,1966-05-29,928
11,GENDRY,Daniel,M,1958-03-07,929
11,HENRY,Philippe,M,1970-10-02,930
11,LIGOT,Gilles,M,1965-06-22,931
11,MESNAGER,Solène,F,1989-06-27,932
11,SOULTANI-VIGNERON,Samia,F,1972-02-18,933
11,BARRET,Benoit,M,1970-09-20,934
11,BEAUCHEF,Anne,F,1972-02-14,935
11,CATANZARO,Jean-Luc,M,1963-06-05,936
11,CHABAGNO,Anne Gaëlle,F,1961-03-03,937
11,COSNIER,Mélanie,F,1973-01-23,938
11,D'AMECOURT,Antoine,M,1964-09-20,939
11,DE MALHERBE,Raymond,M,1957-03-30,940
11,LATOUCHE,Béatrice,F,1973-04-19,941
11,MORANÇAIS,Christelle,F,1975-01-28,942
11,REVEAU,Didier,M,1958-08-08,943
11,TAFFOREAU-HARDY,Christine,F,1968-01-22,944
11,TAVEL,Matthias,M,1987-07-06,945
11,TERRIEN,Valérie Jeanne,F,1970-04-16,946
11,BARRÉ,Philippe,M,1980-12-17,947
11,BERNARD,Lydie,F,1963-03-17,948
11,BLANCHET,François,M,1976-03-18,949
11,BRUNET,Michelle,F,1974-09-12,950
11,CHÉREAU,Antoine,M,1971-06-05,951
11,DE VIGNERAL,Victoria,F,1984-05-30,952
11,DREURE,Cécile,F,1972-11-20,953
11,ETONNO,Lucie,F,1986-04-22,954
11,FAGOT,Anne-Sophie,F,1986-12-03,955
11,FILLET,Jean-Patrick,M,1955-10-17,956
11,FONTENAILLE,Françoise,F,1950-12-29,957
11,GOSSELIN,Nathalie,F,1973-02-04,958
11,HOCBON,Ludovic,M,1974-07-12,959
11,IBARRA,Stéphane,M,1972-12-11,960
11,MENETTRIER,Evelyne,F,1982-06-26,961
11,PECHEUL,Armel,M,1951-07-15,962
11,RETAILLEAU,Bruno,M,1960-11-20,963
11,THIBAUD,Yveline,F,1959-06-17,964
12,ALLAIN,Olivier,M,1964-05-23,965
12,CADIOU,Gaby,F,1971-02-04,966
12,CAOUISSIN,Nil,M,1991-04-09,967
12,CHAPPÉ,Fanny,F,1980-11-27,968
12,HERCOUËT,Philippe,M,1960-08-06,969
12,LE FUR,Marc,M,1956-11-28,970
12,LÉCUYER,Arnaud,M,1986-04-17,971
12,MELLON (DE),Gérard,M,1947-01-15,972
12,MÉHEUST,Véronique,F,1960-08-05,973
12,NIQUE,Gaëlle,F,1967-04-21,974
12,PRUNIER,Astrid,F,1985-05-22,975
12,ROBIC,Guillaume,M,1982-04-07,976
12,SALLIER DUPIN (DE),Stéphane,M,1968-10-08,977
12,STOLL,Stéphanie,F,1976-03-22,978
12,TABART,Valérie,F,1973-09-05,979
12,TOUDIC,Arnaud,M,1974-07-25,980
12,YON-BERTHELOT,Adeline,F,1980-12-23,981
12,BRÉHIER,Tristan,M,1995-11-15,982
12,DADKHAH,Forough,F,1966-03-02,983
12,DUPUY,Julie,F,1979-03-26,984
12,FORTIN,Laurence,F,1969-09-30,985
12,GRELAUD,Gladys,F,1982-08-17,986
12,GUILLORÉ,Alexandra,F,1976-06-18,987
12,GUYONVARC'H,Christian,M,1964-12-29,988
12,HENAFF,Loïc,M,1971-10-05,989
12,KUCHEL,Émilie,F,1980-04-28,990
12,LE BRAS,Olivier,M,1973-09-15,991
12,LE BRUN,Agnès,F,1961-12-28,992
12,LE FUR,Patrick,M,1967-07-21,993
12,LE MEUR,Gaël,F,1973-01-07,994
12,MOULLEC,Yvan,M,1967-03-08,995
12,NICOLAS,Gaëlle,F,1966-06-03,996
12,PALLUEL,Denis,M,1960-04-02,997
12,PELLICANO,Fortuné,M,1955-08-09,998
12,PICHON,Ronan,M,1970-11-19,999
12,PRIGENT,Christine,F,1956-09-25,1000
12,QUERNEZ,Michaël,M,1971-01-11,1001
12,ROUDAUT,Stéphane,M,1978-01-08,1002
12,ROUÉ,Régine,F,1963-03-05,1003
12,THOMAÏDIS,Renée,F,1957-08-13,1004
12,TROADEC,Christian,M,1966-03-24,1005
12,BELLOIR,Nicolas,M,1970-10-12,1006
12,CHESNAIS-GIRARD,Loïg,M,1977-03-25,1007
12,CROCQ,André,M,1956-10-17,1008
12,CUEFF,Daniel,M,1955-03-21,1009
12,DAVID,Olivier,M,1967-07-10,1010
12,DESMARES-POIRRIER,Claire,F,1984-12-20,1011
12,GALLIER,Maxime,M,1986-07-16,1012
12,KRÜGER,Katja,F,1976-01-22,1013
12,LE BÉCHEC,Carole,F,1966-11-30,1014
12,LE CALLENNEC,Isabelle,F,1966-10-14,1015
12,LE HIR,Loïc,M,1967-09-05,1016
12,MACÉ,Béatrice,F,1958-03-24,1017
12,MARBOEUF,Bernard,M,1952-03-07,1018
12,OILLIC,Goulven,M,1974-12-14,1019
12,ORSANNE (D'),Virginie,F,1969-11-29,1020
12,PARMENTIER,Mélina,F,1982-01-16,1021
12,PATAULT,Anne,F,1955-05-09,1022
12,PELLERIN,Isabelle,F,1965-03-11,1023
12,PENNELLE,Gilles,M,1962-07-20,1024
12,PERRIN,Stéphane,M,1978-11-19,1025
12,ROUAUX,Claudia,F,1963-10-13,1026
12,SOHIER,Ana,F,1982-05-16,1027
12,TRÉ-HARDY,Jérôme,M,1976-09-11,1028
12,VEDRENNE,Marie-Pierre,F,1982-12-13,1029
12,ALEXANDRE,Delphine,F,1970-11-21,1030
12,BLEUNVEN,Yves,M,1963-02-02,1031
12,BRIAND,Gael,M,1984-05-09,1032
12,FLOHIC,Benjamin,M,2000-11-04,1033
12,GALLO,Anne,F,1970-11-09,1034
12,GOUEZ,Aziliz,F,1979-09-12,1035
12,HULAUD,Kaourintine,F,1958-04-04,1036
12,JOUNEAUX-PÉDRONO,Elisabeth,F,1960-11-16,1037
12,KERSAUSON (DE),Florent,M,1949-12-05,1038
12,LE DIFFON,Patrick,M,1958-02-06,1039
12,LE GOFF,Aurélie,F,1985-10-12,1040
12,LE GUERNEVÉ,Fabien,M,1986-09-21,1041
12,LE HÉNANFF,Anne,F,1969-07-22,1042
12,LE STRADIC,Gaëlle,F,1981-01-13,1043
12,MARTORELL,Aurélie,F,1983-04-15,1044
12,MOLAC,Paul,M,1962-05-21,1045
12,POULIQUEN,Pierre,M,1975-02-02,1046
12,UZENAT,Simon,M,1985-04-15,1047
13,BONNEFONT,Xavier,M,1979-12-09,1048
13,BOUTENÈGRE,Patrice,M,1969-06-20,1049
13,CHEVALERIAS,Thomas,M,1997-09-08,1050
13,COLOMBIER,Caroline,F,1957-08-22,1051
13,COUTANT,Françoise,F,1966-06-04,1052
13,GAGNEUR,Edwige,F,1973-01-14,1053
13,LABROUSSE,Mathieu,M,1983-08-06,1054
13,LEBRAUD,Virginie,F,1975-12-28,1055
13,PINVILLE,Martine,F,1958-10-23,1056
13,BLANCHARD,Gérard,M,1962-11-07,1057
13,BOURDIN,Katia,F,1971-04-23,1058
13,CHEMINADE,Marie-Line,F,1968-09-19,1059
13,COLLARD,Nathalie,F,1964-10-03,1060
13,DARTIGOLLES,Daniel,M,1966-02-02,1061
13,EMON,Jackie,M,1949-07-30,1062
13,GUERIT,Richard,M,1965-12-16,1063
13,JLALJI,Brahim,M,1970-10-27,1064
13,JUSTINIEN,Rémi,M,1987-03-30,1065
13,LABICHE,David,M,1973-12-07,1066
13,LAPRÉE,Véronique,F,1960-01-24,1067
13,LAURENT-GUEGAN,Élise,F,1976-04-10,1068
13,MARIE-REINE SCIARD,Joëlle,F,1959-10-30,1069
13,MARKOWSKY,Pascal,M,1954-07-22,1070
13,MESNARD,Françoise,F,1957-06-13,1071
13,PLEZ,Jean-Philippe,M,1979-01-21,1072
13,RIVIÈRE,Yann,M,1953-10-24,1073
13,SOLA,Margarita,F,1959-04-06,1074
13,TRIFILETTI,Stephane,M,1972-05-08,1075
13,WERBROUCK,Séverine,F,1970-10-31,1076
13,CAVITTE,Pascal,M,1968-10-19,1077
13,COSTE,Pascal,M,1966-09-13,1078
13,DELIBIT,Sandra,F,1974-07-24,1079
13,DEWAELE,Amandine,F,1960-07-22,1080
13,ELOPHE,Valéry,M,1974-05-11,1081
13,NAUCHE,Philippe,M,1957-07-15,1082
13,REYDY,Anabelle,F,1966-01-09,1083
13,REYDY,Annabelle,F,1966-09-01,1084
13,SERRE,Françoise,F,1970-11-19,1085
13,BARAT,Geneviève,F,1953-11-09,1086
13,LAFRIQUE,Philippe,M,1964-06-23,1087
13,LEJEUNE,Étienne,M,1989-04-26,1088
13,MICHON,Marie-Hélène,F,1958-12-18,1089
13,ARNAUD,Nathalie,F,1966-01-21,1090
13,CASTAIGNEDE,Fanny,F,1976-05-03,1091
13,CATHUS,Christophe,M,1971-09-10,1092
13,COLOMBIER,Jacques,M,1952-02-17,1093
13,DELRIEUX,Benjamin,M,1991-02-18,1094
13,FORGENEUF,Marilyne,F,1972-10-13,1095
13,JOUBERT,Florence,F,1965-06-30,1096
13,LABAILS,Delphine,F,1975-03-08,1097
13,LANGLADE,Colette,F,1956-06-20,1098
13,PEYRAT,Jerome,M,1962-11-28,1099
13,PLATON,Nicolas,M,1967-03-04,1100
13,PRIOLEAUD,Jonathan,M,1984-08-09,1101
13,RAYNAUD,Jean-Pierre,M,1947-07-15,1102
13,SIMONNET,Jacqueline,F,1963-10-20,1103
13,ANFRAY,Stéphanie,F,1972-05-11,1104
13,ASTIER,Dominique,M,1964-01-27,1105
13,BAUDE,Vital,M,1975-11-20,1106
13,BEDU,Anne-Laure,F,1971-03-31,1107
13,BOEUF,Gilles,M,1950-11-06,1108
13,BOUDINEAU,Isabelle,F,1966-08-17,1109
13,BOUDIÉ,Florent,M,1973-09-22,1110
13,BOULMIER,Muriel,F,1953-11-21,1111
13,BOULTAM,Yasmina,F,1974-12-19,1112
13,BOUSQUET-PITT,Pascale,F,1976-04-10,1113
13,CHADOURNE,Sandrine,F,1970-12-12,1114
13,CHAGNIAT,Philippe Jean-Pierre,M,1949-12-10,1115
13,CUVELIER,Marie-Laure,F,1977-02-22,1116
13,DIALLO,Karfa,M,1971-03-16,1117
13,DIAZ,Edwige,F,1987-10-15,1118
13,DUPRAT,Christophe,M,1964-12-21,1119
13,DURRIEU,Michel,M,1968-06-26,1120
13,ESTRADE,Hélène,F,1956-08-04,1121
13,FLORIAN,Nicolas,M,1969-03-29,1122
13,FOULON,Yves,M,1958-10-10,1123
13,GARRAUD,Pauline,F,1988-10-22,1124
13,GUILLEM,Jérôme,M,1967-05-13,1125
13,GUILLEMOTEAU,Patrick,M,1958-05-24,1126
13,HAMMERER,Véronique,F,1968-11-04,1127
13,HAZOUARD,Mathieu,M,1973-11-30,1128
13,HERNANDEZ,Sandrine,F,1984-03-16,1129
13,HÉRAUD,Lydia,F,1969-05-28,1130
13,JACQUINET,Claire,F,1973-09-23,1131
13,JEANSON,Françoise,F,1963-08-31,1132
13,JOUVE,Virginie,F,1978-09-17,1133
13,LAMARA,Laurent,M,1988-01-13,1134
13,LAPOUGE,Christelle,F,1972-08-16,1135
13,LE YONDRE,Nathalie,F,1966-02-09,1136
13,MAURIN,Baptiste,M,1987-10-14,1137
13,MELLIER,Frédéric,M,1972-03-20,1138
13,NEMBRINI,Jean-Louis,M,1947-08-29,1139
13,OBRADOR,Damien,M,1992-04-21,1140
13,PALUTEAU,Bruno,M,1962-03-27,1141
13,RECHAGNEUX,Julie,F,1996-01-24,1142
13,ROBERT,Fabien,M,1984-12-22,1143
13,ROUSSET,Alain,M,1951-02-16,1144
13,ROUÈDE,Laurence,F,1974-03-01,1145
13,SABAROT,Henri,M,1951-08-17,1146
13,SEGUINAU,Christine,F,1966-10-27,1147
13,TARIS,Isabelle,F,1958-10-29,1148
13,THIERRY,Nicolas,M,1975-12-08,1149
13,TRIJOULET,Thierry,M,1959-02-16,1150
13,WILSIUS,Francis,M,1955-06-22,1151
13,BACHÉ,Alain,M,1961-01-24,1152
13,BAZUS,Julien,M,1983-03-28,1153
13,BEYRIS,Maryline,F,1967-09-21,1154
13,CHARPENEL,Frédérique,F,1969-12-15,1155
13,DARRIEUSSECQ,Geneviève,F,1956-03-04,1156
13,DUFAY,Michel,M,1950-04-29,1157
13,FRANCESCHINI,Sylvie,F,1979-07-26,1158
13,LAFARGUE,Marie-Laure,F,1976-05-24,1159
13,LAGRAVE,Renaud,M,1967-09-24,1160
13,LAUSSU,Guillaume,M,1978-01-07,1161
13,MOTOMAN,Laurence,F,1967-10-22,1162
13,REQUENNA,Pascale,F,1972-05-23,1163
13,SARGIACOMO,Éric,M,1969-10-31,1164
13,SORE,Serge,M,1962-01-31,1165
13,TAUZIN,Arnaud,M,1975-12-29,1166
13,WEBER,Sophie,F,1981-09-11,1167
13,ARMAND,Jean-Luc,M,1965-03-25,1168
13,CARUHEL,Maud,F,1975-01-22,1169
13,COMBRES,Maryse,F,1958-10-24,1170
13,COSTES,Marie,F,1963-08-21,1171
13,COUSIN,Annick,F,1973-08-07,1172
13,DELBOSQ,Sébastien,M,1986-05-06,1173
13,DIONIS DU SÉJOUR,Jean,M,1956-09-21,1174
13,EYCHENNE,Delphine,F,1976-01-20,1175
13,LAFFORE,Sandrine,F,1972-04-27,1176
13,MOLIERAC,Guillaume,M,1980-05-21,1177
13,ALONSO,Émilie,F,1991-09-21,1178
13,AROSTEGUY,Maïder,F,1964-01-29,1179
13,BERGERET-TERCQ,Jean-Marie,M,1964-09-13,1180
13,BERGÉ,Mathieu,M,1976-06-20,1181
13,BLANCO,Jean-François,M,1957-10-15,1182
13,BUSSIERE,Sophie,F,1976-11-10,1183
13,CHÉRET,Pierre,M,1967-08-31,1184
13,CLAVEAU,Charline,F,1985-11-29,1185
13,DAMESTOY,Didier,M,1973-05-09,1186
13,DERVILLE,Sandrine,F,1983-05-13,1187
13,DEVEZE,Christian,M,1956-03-06,1188
13,DUTOYA,Émilie,F,1984-06-06,1189
13,ESPAGNAC,Frédérique,F,1972-04-19,1190
13,ETCHEÇAHARRETA,Bixente,M,1989-05-19,1191
13,FARRENG,Laurence,F,1966-09-06,1192
13,JOINT,Frédérique,F,1977-02-17,1193
13,LACARRERE,Florent,M,1994-12-19,1194
13,LARROUY,Isabelle,F,1962-05-09,1195
13,MOTSCH,Nathalie,F,1968-09-23,1196
13,OXIBAR,Marc,M,1977-07-06,1197
13,SAINTE-MARIE,Andde,M,1960-12-14,1198
13,TARIOL,Béatrice,F,1970-12-19,1199
13,UTHURRY,Bernard,M,1954-02-14,1200
13,VERRIERE,Francois,M,1969-08-14,1201
13,CASSIN,Armelle,F,1961-03-26,1202
13,CHARRÉ,Emmanuel,M,1969-05-07,1203
13,CHASSAGNE,Christelle,F,1972-05-22,1204
13,DUFORESTEL,Pascal,M,1966-03-15,1205
13,GAMACHE,Nicolas,M,1974-03-11,1206
13,GUIBERT,Olivier,M,1967-07-24,1207
13,LANZI,Nathalie,F,1965-02-06,1208
13,MARCHIVE,Bastien,M,1990-07-15,1209
13,RIOU,Guillaume,M,1970-01-15,1210
13,BALLET-BRU,Françoise,F,1964-03-09,1211
13,DESROSES,Karine,F,1972-09-08,1212
13,GRAVAL,Christine,F,1975-02-12,1213
13,LATUS,Marion,F,1993-02-10,1214
13,NÉDÉLEC,Ronan,M,1973-01-18,1215
13,PERREAU,Thierry,M,1960-01-17,1216
13,SOULAT,Eric,M,1972-07-11,1217
13,TIRANT,Benoît,M,1978-09-16,1218
13,TROUSSELLE,Yves,M,1963-03-29,1219
13,VALLOIS-ROUET,Laurence,F,1968-07-08,1220
13,WASZAK,Reine-Marie,F,1951-01-06,1221
13,BERGERON,Thibault,M,1982-06-10,1222
13,BROUILLE,Andréa,F,1973-11-09,1223
13,DARBON,Alain,M,1969-12-15,1224
13,FREYCHET,Albin,M,1992-01-10,1225
13,GUERIN,Guillaume,M,1987-05-04,1226
13,LA DUNE,Catherine,F,1978-03-26,1227
13,MAGNE,Marie-Ange,F,1987-11-20,1228
13,PAGÈS,Jean-Louis,M,1955-06-21,1229
13,PLAZANET,Mélanie,F,1976-02-05,1230
13,VINCENT,François,M,1965-09-01,1231
14,BERMAND,Alexandre,M,1970-02-20,1232
14,CANAL,Pascale,F,1974-04-21,1233
14,CHIBLI,Kamel,M,1977-03-24,1234
14,PIQUEMAL,Isabelle,F,1973-05-04,1235
14,ANDRIEU,Philippe,M,1980-09-01,1236
14,ASSIE,Benjamin,M,1980-10-08,1237
14,BARTHÈS,Christophe,M,1966-10-12,1238
14,BOSSIS,Catherine,F,1969-08-11,1239
14,CODORNIOU,Didier,M,1958-02-13,1240
14,COSTE,Alain,M,1957-12-01,1241
14,FAUCON-MEJEAN,Claudie,F,1974-09-22,1242
14,PHILIPPE,Laure-Emmanuelle,F,1977-02-16,1243
14,PY,Michel,M,1971-04-18,1244
14,VILAS,Sylvie,F,1967-03-13,1245
14,BERARD,Stéphane,M,1971-08-09,1246
14,CARLES,Clément,M,1991-08-05,1247
14,GAZEL,Emmanuelle,F,1977-12-23,1248
14,KÉROSLIAN,Jean-Philippe,M,1961-06-16,1249
14,LACAZE,Marie,F,1975-03-20,1250
14,LELEU,Bruno,M,1972-10-31,1251
14,MAZET,Pascal,M,1970-07-25,1252
14,SAHUET,Christine,F,1962-08-05,1253
14,SOLIER-ASSIER,Anne-Claire,F,1973-09-24,1254
14,BAYLE,Régis,M,1975-10-11,1255
14,BENABDILLAH,Jalil,M,1966-04-24,1256
14,BOURGADE,Mary,F,1953-01-03,1257
14,BRIN,Henry,M,1963-04-12,1258
14,COLLARD,Flavie,F,1995-08-12,1259
14,COUVREUR,Amal,F,1966-12-15,1260
14,DELALONDE,Julie,F,1976-05-04,1261
14,DONADA,Gilles,M,1947-12-13,1262
14,GARDET,Laurence,F,1969-06-01,1263
14,GENOLHER,Aurélie,F,1978-01-19,1264
14,GIBELIN,Jean-Luc,M,1957-07-08,1265
14,GILLET,Yoann,M,1986-08-29,1266
14,GUYOT,Katy,F,1961-11-14,1267
14,LAPEYRONIE,Claire,F,1969-03-11,1268
14,NOVARETTI,Monique,F,1956-10-16,1269
14,RIVENQ,Christophe,M,1966-06-20,1270
14,SANCHEZ,Julien,M,1983-10-19,1271
14,VERDIER,Fabrice,M,1968-12-16,1272
14,ADROIT,Sophie,F,1957-03-23,1273
14,BAKIRI,Nadia,F,1978-12-19,1274
14,BOUDARD-PIERRON,Charlotte,F,1985-10-03,1275
14,BOUNES,Vincent,M,1975-07-28,1276
14,BRIANCON,Philippe,M,1967-01-14,1277
14,BRIAND,Sacha,M,1969-12-11,1278
14,CHERUBIN,Laurent,M,1971-01-09,1279
14,COTELLE,Thierry,M,1965-03-23,1280
14,DALIX,Émilie,F,1982-06-24,1281
14,DE ALMEIDA CHAVES,Guillaume,M,1993-08-27,1282
14,DE COMARMOND,Fabrice,M,1963-11-01,1283
14,DELAHAYE,Christophe,M,1968-02-14,1284
14,DELGA,Carole,F,1971-08-19,1285
14,FALIERES,Monique,F,1964-02-20,1286
14,FRANÇOIS,Laurence Marie,F,1963-02-08,1287
14,GARONZI,Marielle,F,1967-03-12,1288
14,GARRAUD,Jean-Paul,M,1956-02-27,1289
14,GOMBERT,Chrystel,F,1969-02-14,1290
14,HAMAMI,Mohamed,M,1968-02-18,1291
14,HOFFMANN,Carole,F,1961-06-11,1292
14,LACAZE,Pierre,M,1965-11-03,1293
14,LEONARDELLI,Julien,M,1987-07-14,1294
14,LESGOURGUES,Laurent,M,1966-07-10,1295
14,LUCAZEAU,Rachida,F,1964-10-27,1296
14,MADER,Nathalie,F,1968-02-11,1297
14,PALACIN,John,M,1978-01-29,1298
14,PAROLIN,Marie-Christine,F,1962-01-06,1299
14,PELLEFIGUE,Nadia,F,1978-12-03,1300
14,PINATEL,Emmanuelle,F,1973-03-07,1301
14,PRADIÉ,Aurélien,M,1986-03-14,1302
14,REGOURD,Serge,M,1948-02-19,1303
14,ROMERO GAYO,Olivier,M,1974-09-04,1304
14,SENSE,Stéphanie,F,1973-05-04,1305
14,SZTULMAN,Marc,M,1985-05-20,1306
14,TEMPESTA,Marie-Caroline,F,1962-10-06,1307
14,TISNE-VERSAILLES,Mélanie,F,1983-05-04,1308
14,ABADIE,Muriel,F,1970-11-09,1309
14,CADORÉ,Eric,M,1963-06-27,1310
14,CARCHON,Séverine,F,1973-10-28,1311
14,DUBRAC,Gérard,M,1952-10-10,1312
14,TAUPIAC,David,M,1975-05-13,1313
14,YELMA,Jean-Luc,M,1965-01-19,1314
14,ALLIES,Max,M,1956-04-28,1315
14,ASSAF,Christian,M,1972-09-01,1316
14,BADENAS,Jean-Noël,M,1956-12-24,1317
14,BENAMMAR KOLY,Fadilha,F,1974-04-01,1318
14,BIAU,Jean-Marc,M,1967-10-27,1319
14,BORT,Frederic,M,1977-11-21,1320
14,BOURGI,Hussein,M,1973-10-05,1321
14,BOURGUET,Zina,F,1957-02-18,1322
14,BRUTUS,Florence,F,1966-08-23,1323
14,CANAYER,Patrice,M,1961-04-04,1324
14,D'ETTORE,Géraldine,F,1977-12-03,1325
14,DELAPIERRE,Cédric,M,1976-02-01,1326
14,DENAJA,Sébastien,M,1979-01-14,1327
14,GAIRAUD,Myriam,F,1968-11-18,1328
14,GATECEL,Claire,F,1959-11-18,1329
14,LAFFORGUE,Frederic,M,1967-09-30,1330
14,LAMOTTE,Quentin,M,1987-09-25,1331
14,MAGNE,Laurence,F,1965-09-04,1332
14,MANOGIL,Franck,M,1982-12-07,1333
14,MATHERON,Françoise,F,1964-05-06,1334
14,MATHIEU,Thierry,M,1972-04-27,1335
14,MAUREL,Johana,F,1972-05-16,1336
14,MERCIER,Marie-Thérèse,F,1964-05-31,1337
14,MORENO,René,M,1948-02-12,1338
14,PELE,Maria Alice,F,1969-04-02,1339
14,PLANE,Julia,F,1984-04-03,1340
14,ROSSIGNOL,Stéphan Marc Paul,M,1962-03-20,1341
14,THOMAS,Sylvie,F,1962-01-27,1342
14,TROISE,Lauriane,F,1980-03-24,1343
14,VIVANCOS,Bertrand,M,1964-12-10,1344
14,LABARTHE,Vincent,M,1971-05-17,1345
14,LASFARGUES,Geneviève,F,1953-04-06,1346
14,NODARI,Sebastien,M,1972-11-12,1347
14,PIQUE,Marie,F,1950-02-28,1348
14,RIVIERE,Brigitte,F,1959-03-23,1349
14,BASTIDE,Bernard,M,1956-01-13,1350
14,MAILLOLS,Aurélie,F,1980-02-15,1351
14,BAUBAY,Philippe,M,1967-07-29,1352
14,CAZAUBON,Jean-Louis,M,1950-12-05,1353
14,GIRAL,Romain,M,1982-07-27,1354
14,GUINLE,Yolande,F,1962-01-02,1355
14,HELARY,Yann,M,1950-03-05,1356
14,MONTEIL,Olivier,M,1965-12-17,1357
14,PERALDI,Pascale,F,1963-11-12,1358
14,BARAILLE,Julien,M,1980-10-07,1359
14,BAUDRY,Xavier,M,1977-10-08,1360
14,BLANC,Sophie,F,1968-02-20,1361
14,CARMONA,Judith,F,1961-04-03,1362
14,CASES,Patrick,M,1959-11-17,1363
14,GAS,Christine,F,1967-05-14,1364
14,GOURIER,Frédéric,M,1973-01-13,1365
14,JARYCKI,Eliane,F,1966-10-10,1366
14,LANGEVINE,Agnès,F,1968-10-24,1367
14,LODA,Stéphane,M,1973-01-10,1368
14,MANAS,Christophe,M,1975-11-28,1369
14,MOLI,Samuel,M,1972-12-07,1370
14,PIGNIER,Laurence,F,1968-04-18,1371
14,BACOU,Julien,M,1986-10-29,1372
14,BERNOT,Christine,F,1956-06-15,1373
14,CALLEJON,Virginie,F,1974-10-26,1374
14,CARAYON,Bernard,M,1957-10-01,1375
14,FITA,Claire,F,1976-12-31,1376
14,GAREL,Vincent,M,1975-01-05,1377
14,JAUZION,Yannick,M,1978-07-28,1378
14,MASSIE,Rémi,M,1986-01-27,1379
14,RECOULES,Vincent,M,1970-02-24,1380
14,ROUQUETTE,Géraldine,F,1973-05-02,1381
14,SOLIMAN,Sandrine,F,1968-11-24,1382
14,CASTRO,Marie,F,1966-10-21,1383
14,DELRIEU,Sabrina,F,1977-07-02,1384
14,DEVILLE,Thierry,M,1963-08-25,1385
14,GARRIGUES,Patrice,M,1957-09-25,1386
14,GAYET,Stéphanie,F,1980-08-23,1387
14,LAVERON,Isabelle,F,1969-01-22,1388
14,PORTOLES,Rodolphe,M,1962-02-20,1389
15,BRETON,Xavier,M,1962-11-25,1390
15,BUISSON,Jérôme,M,1973-01-15,1391
15,CERBAÏ,Florence,F,1979-07-26,1392
15,DEBAT,Jean-François,M,1966-01-24,1393
15,DUNAND,Patrice,M,1968-10-15,1394
15,ETCHEBERRY,Aude,F,1969-05-02,1395
15,GOY-CHAVENT,Sylvie,F,1963-05-23,1396
15,GUYADER,Jean-Louis,M,1949-04-22,1397
15,KELLER,Myriam,F,1976-05-07,1398
15,LARRIEU,Pierre,M,1960-12-10,1399
15,MEYER,Maxime,M,1987-01-05,1400
15,NANCHI,Alexandre,M,1975-11-01,1401
15,PERNOD BEAUDON,Stéphanie,F,1978-10-13,1402
15,PIROUX GIANNOTTI,Brigitte,F,1959-11-04,1403
15,TIRREAU,Andrée,F,1950-05-09,1404
15,AGUILERA,Frédéric,M,1975-04-10,1405
15,AUGUSTE,Benoît,M,1980-02-15,1406
15,BABIAN-LHERMET,Anne,F,1961-09-05,1407
15,BARILLET,Carine,F,1973-03-25,1408
15,CARTOUX,Stéphanie,F,1980-01-15,1409
15,DE CASTRO ALVES,Manuela,F,1968-10-10,1410
15,FERRAND,Emmanuel,M,1969-05-11,1411
15,LASSALLE,Valérie,F,1972-12-05,1412
15,LINDRON,Didier,M,1961-04-05,1413
15,LUCOT,Yannick,M,1968-07-07,1414
15,MONNET,Yannick,M,1975-10-07,1415
15,AMRANE,Olivier,M,1978-03-23,1416
15,BAYLE,Damien,M,1987-09-19,1417
15,BOUDALI-KHEDIM,Souhila,F,1973-05-11,1418
15,BRUN,Fabrice,M,1968-04-02,1419
15,COLIN,Albane,F,1980-01-01,1420
15,DELEUZE-DALZON,Chloé,F,1991-01-28,1421
15,FERRAND,Virginie,F,1982-04-13,1422
15,HOURS,Eric,M,1961-05-17,1423
15,MASSEBEUF,Isabelle,F,1967-12-17,1424
15,PORQUET,Céline,F,1977-10-06,1425
15,VIDAL,Carine,F,1978-03-12,1426
15,BRUGERON,Angélique,F,1984-02-02,1427
15,FAURE,Bruno,M,1967-05-05,1428
15,GUIBERT,Martine,F,1961-08-13,1429
15,SAUTAREL,Stéphane,M,1965-01-29,1430
15,ARNAUD,Samuel,M,1979-10-17,1431
15,AURIAS,Claude,M,1952-04-02,1432
15,BLANC,Didier-Claude,M,1966-04-23,1433
15,BLANCHON,Stéphane,M,1974-08-13,1434
15,BRUNET,Florent,M,1963-03-30,1435
15,CORNILLET,Julien,M,1984-05-29,1436
15,DARAGON,Nicolas,M,1972-03-12,1437
15,GRARD,Maud,F,1987-11-08,1438
15,MOURIER,Marlène,F,1962-02-04,1439
15,PEROT,Sylvie,F,1961-05-23,1440
15,PICARD,Patricia,F,1958-01-12,1441
15,POLLET,Lisette,F,1968-01-04,1442
15,ROMAGGI,Magali,F,1987-07-17,1443
15,ROYER,Olivier,M,1972-02-16,1444
15,THORAVAL,Marie-Hélène,F,1966-06-03,1445
15,AMARD,Gabriel,M,1967-05-05,1446
15,BAILE,Henri,M,1950-01-13,1447
15,BARDIN-RABATEL,Geraldine,F,1971-02-04,1448
15,BATARAY,Zerrin,F,1979-10-16,1449
15,BATTISTEL,Marie-Noëlle,F,1956-08-20,1450
15,BOLZE,Catherine,F,1951-03-12,1451
15,BONNIER,Eric,M,1962-08-28,1452
15,BOUKAALA,Sarah,F,1979-09-13,1453
15,BOUVIER,Christophe,M,1977-08-11,1454
15,BUISSON,David,M,1971-08-24,1455
15,BÉRANGER,Nathalie,F,1967-07-06,1456
15,CEDRIN,Michèle,F,1955-07-16,1457
15,CHABERT,Gilles,M,1952-08-05,1458
15,CHAIX,Sandrine,F,1968-05-16,1459
15,DARLET,Jean-Claude,M,1964-08-04,1460
15,DEZARNAUD,Sylvie,F,1964-02-23,1461
15,DUPRÉ,Christel,F,1970-09-13,1462
15,GEMMANI,Stéphane,M,1971-02-20,1463
15,GIRARD,Jean-Pierre,M,1951-04-21,1464
15,JANOT,Pierre-Henri,M,1968-02-02,1465
15,JOLLY,Alexis,M,1990-12-22,1466
15,KOVACS,Thierry,M,1969-01-29,1467
15,LAÏDOUNI-DENIS,Myriam,F,1970-07-06,1468
15,MOCELLIN,Raphaël,M,1962-04-17,1469
15,MOULIN-COMTE,Alexandre,M,1992-09-29,1470
15,NEUDER,Yannick,M,1969-03-15,1471
15,NOYREY,Jean-Yves,M,1958-02-15,1472
15,PEJU,Nathalie,F,1972-10-25,1473
15,REY,Freddy,M,1973-01-25,1474
15,SERRANO,Katia,F,1977-06-01,1475
15,VENTURINI,Martine,F,1961-09-03,1476
15,VERMOREL,Véronique,F,1973-06-13,1477
15,BLANCHET,Jacques,M,1966-04-13,1478
15,BONY,Catherine,F,1966-11-04,1479
15,BUSSIERE,Laurence,F,1958-12-07,1480
15,CESA,Johann,M,1986-07-09,1481
15,CINIERI,Dino,M,1955-07-09,1482
15,CUKIERMAN,Cécile,F,1976-04-26,1483
15,FAYOLLE,Sylvie,F,1960-08-22,1484
15,KEFI-JÉRÔME,Samy,M,1979-10-23,1485
15,LONGEON,Olivier,M,1967-02-19,1486
15,LUCAS,Michel,M,1949-08-14,1487
15,MANDON,Emmanuel,M,1965-06-22,1488
15,MOUSEGHIAN,Aline,F,1967-11-01,1489
15,PEYCELON,Nicole,F,1953-08-08,1490
15,ROTKOPF,Sophie,F,1967-10-19,1491
15,SURPLY,Isabelle,F,1984-10-25,1492
15,TAITE,Jean-Pierre,M,1962-03-14,1493
15,VIAL,Raymond,M,1960-12-20,1494
15,ZAPPA,Catherine,F,1968-07-19,1495
15,BARRE,Caroline,F,1968-02-15,1496
15,DAUMAS,Renaud,M,1979-01-08,1497
15,DI VINCENZO,Caroline,F,1984-03-23,1498
15,HUGON-HILAIRE,Laetitia,F,1977-07-27,1499
15,OUILLON-PELLISSIER,Elisabeth,F,1960-10-28,1500
15,VACHELARD,Jean-Luc,M,1955-04-26,1501
15,VIGIER,Jean-Pierre,M,1969-10-22,1502
15,WAUQUIEZ,Laurent,M,1975-04-12,1503
15,AUBOIS,Anna,F,1977-05-20,1504
15,BERNARD,Brice,M,1985-09-22,1505
15,BONNICHON,Frédéric,M,1962-02-14,1506
15,BONY,Yannick,F,1974-03-25,1507
15,BOUCHET,Boris,M,1980-06-09,1508
15,BRENAS,Jean-Pierre,M,1958-11-02,1509
15,BRUSSAT,Elisabeth,F,1960-08-20,1510
15,DABERT,Marie-France,F,1972-08-06,1511
15,DESPRAT,Léa,F,1988-03-06,1512
15,DUBESSY,Florence,F,1965-12-31,1513
15,DUBOURG,Sébastien,M,1977-06-09,1514
15,DURIN,Sylvain,M,1977-09-12,1515
15,FANGET,Michel,M,1950-05-03,1516
15,FOUGÈRE,Myriam,F,1964-04-19,1517
15,GISCARD D'ESTAING,Louis,M,1958-10-20,1518
15,GUELON,Caroline,F,1984-09-15,1519
15,HORTEFEUX,Brice,M,1958-05-11,1520
15,MEALLET,Roger Jean,M,1956-03-03,1521
15,PARRET,Fatima,F,1978-07-05,1522
15,VERRIÈRE,Grégoire,M,1993-11-28,1523
15,BANINO,Jérôme,M,1977-12-11,1524
15,BOUDOT,Christophe,M,1969-08-07,1525
15,CHAVEROT,Bernard,M,1956-04-10,1526
15,CRUZ,Sophie,F,1967-09-11,1527
15,DARPHIN,Colette,F,1964-04-20,1528
15,MICHEL,Cécile,F,1981-09-07,1529
15,PEIGNÉ,Claire,F,1957-02-15,1530
15,PERRUT,Bernard,M,1957-01-24,1531
15,PFEFFER,Renaud,M,1980-02-08,1532
15,STARON,Catherine,F,1966-04-16,1533
15,THIEN,Jérémy,M,1971-06-24,1534
15,VIDAL,Paul,M,1950-09-08,1535
15,BLACHÈRE,Sophie,F,1964-05-16,1536
15,BONNIEL CHALIER,Pascale,F,1961-09-22,1537
15,BREAUD,Jérémie,M,1981-03-19,1538
15,CHAMPEL,Romain,M,1987-01-18,1539
15,CISTERNINO,Corine,F,1967-12-14,1540
15,CROMBECQUE,Yann,M,1969-11-05,1541
15,DÉCHAMPS,Véronique,F,1955-01-16,1542
15,FAUTRA,Laurence,F,1965-11-20,1543
15,GEOURJON,Christophe,M,1966-08-24,1544
15,GIACALONE,Reynald,M,1971-07-10,1545
15,KOTARAC,Andréa,M,1989-05-07,1546
15,LACROIX,Guillaume,M,1976-02-11,1547
15,LAFORÊT,Catherine,F,1965-02-06,1548
15,LUCAS,Karine,F,1972-10-01,1549
15,MARCHE,Emilie,F,1985-07-08,1550
15,MARIN,Axel,M,1991-04-17,1551
15,MATHIEU,Marie-Hélène,F,1961-06-03,1552
15,MEUNIER,Philippe,M,1966-03-16,1553
15,MILLET,Marylène,F,1967-05-05,1554
15,MOREL,Michèle,F,1947-03-26,1555
15,MOROGE,Jérôme,M,1979-08-23,1556
15,ODO,Xavier,M,1971-01-09,1557
15,OLIVER,Pierre,M,1992-06-09,1558
15,PACCAUD,Mickaël,M,1984-03-01,1559
15,PASIECZNIK,Bénédicte,F,1971-06-06,1560
15,RAMET,Isabelle,F,1979-03-12,1561
15,VALLAUD-BELKACEM,Najat,F,1977-10-04,1562
15,VUILLEMARD,Julien,M,1984-03-06,1563
15,WIDIEZ,Anaïs,F,1982-01-16,1564
15,BONNIVARD,Emilie,F,1980-08-02,1565
15,BÉGUIN,Jean-Pierre,M,1957-05-18,1566
15,CHEMIN,François,M,1975-07-03,1567
15,DAUCHY,Marie,F,1987-02-05,1568
15,MONTORO-SADOUX,Marie-Pierre,F,1970-10-07,1569
15,PANNEKOUCKE,Fabrice,M,1975-05-14,1570
15,SANDRAZ,Eric,M,1963-10-05,1571
15,TERNOY-LEGER,Claudie,F,1983-04-16,1572
15,TURNAR,Alexandra,F,1982-03-16,1573
15,VIAL,Cédric,M,1978-03-25,1574
15,VIBERT,Séverine,F,1978-09-26,1575
15,ANDRE,Annabel,F,1970-10-08,1576
15,BAUD,Jean-Baptiste,M,1987-09-08,1577
15,BOSLAND,Jean-Paul,M,1969-07-18,1578
15,CUSEY,Alexandra,F,1974-06-23,1579
15,DELSANTE,Serge,M,1958-04-08,1580
15,DUVAND,Florence,F,1964-12-23,1581
15,DÉNÉRIAZ,Antoine,M,1976-03-06,1582
15,FOURNIER,Christophe,M,1965-03-16,1583
15,FOURNIER,Eric,M,1965-04-13,1584
15,GREBERT,Fabienne,F,1965-05-08,1585
15,GUICHARD,Ségolène,F,1962-01-01,1586
15,JOYEUX,Benjamin,M,1980-02-01,1587
15,LÉCAILLON,Vincent,M,1963-01-07,1588
15,MURACCIOLE,Natacha,F,1993-01-27,1589
15,NOEL,Sylviane,F,1978-01-27,1590
15,PACORET,Catherine,F,1976-04-18,1591
15,PELLEVAT,Cyril,M,1981-02-18,1592
15,ROUPIOZ,Sylvia,F,1956-06-20,1593
16,BORGHINI,Jean-Charles,M,1965-10-27,1594
16,GEHANT,David,M,1989-02-23,1595
16,GIRARD,Christian,M,1952-05-07,1596
16,VAGINAY-RICOURT,Sophie,F,1969-12-18,1597
16,ALBRAND,Louis,M,1949-10-08,1598
16,DIDIER,Roger,M,1951-02-22,1599
16,EYMEOUD,Chantal,F,1957-01-06,1600
16,ROSSI,Agnès,F,1963-09-22,1601
16,ALTOUNIAN,Magali,F,1989-12-18,1602
16,AMAR,Serge,M,1958-06-16,1603
16,BETTATI,Bruno,M,1971-10-30,1604
16,BOETTI-FORESTIER,Laurence,F,1966-09-25,1605
16,BORRÉ,Véronique,F,1974-02-26,1606
16,BOTELLA,Georges,M,1959-12-12,1607
16,BRUNETEAUX,Françoise,F,1965-11-07,1608
16,DALMASSO,Linda,F,1944-11-20,1609
16,DAVID,Jean-Paul,M,1960-05-07,1610
16,DELIA,Jean-Marc,M,1967-03-02,1611
16,DELPECH,Valérie,F,1960-08-03,1612
16,ESCALIER,Virginie,F,1976-07-26,1613
16,ESTROSI,Christian,M,1955-07-01,1614
16,FABRON,Colette,F,1959-06-19,1615
16,FERRARI,Ida,F,1944-04-07,1616
16,GALY,Richard,M,1954-07-18,1617
16,LEONELLI,Pierre-Paul,M,1957-06-17,1618
16,MASSON,Alexandra,F,1971-07-02,1619
16,MASSON,Bryan,M,1996-12-21,1620
16,MERENGONE,Laurent,M,1974-02-24,1621
16,PAIRE,Sandra,F,1969-05-09,1622
16,PALAZZETTI,Noëlle,F,1958-12-24,1623
16,RAMPAL,Agnès,F,1955-08-22,1624
16,ROUX,Roger,M,1962-11-07,1625
16,SALLES-BARBOSA,Jennifer,F,1980-06-04,1626
16,TIVOLI,Lionel,M,1988-02-29,1627
16,VARDON,Philippe,M,1980-09-02,1628
16,AGRESTI-ROUBACHE,Sabrina,F,1976-01-13,1629
16,ALLISIO,Franck,M,1980-08-04,1630
16,AUGEY,Dominique,F,1956-01-08,1631
16,AYOT,Suzelle,F,1971-06-27,1632
16,BAREILLE,Marion,F,1982-11-13,1633
16,BEZ,Eléonore,F,1976-06-24,1634
16,BOUGEAREL,Michèle,F,1956-11-14,1635
16,BRUNA,Aurore,F,1984-12-29,1636
16,BULTEAU-RAMBAUD,Marie-Florence,F,1965-06-01,1637
16,CAMPAGNOLA SAVON,Isabelle,F,1970-07-19,1638
16,CHEVALIER,Laure,F,1981-09-17,1639
16,CHEVILLARD,Nathalie,F,1971-06-14,1640
16,CLAUDIUS-PETIT,Anne,F,1972-12-12,1641
16,COLIN,Patricia,F,1962-02-04,1642
16,CRISTIANI,Georges,M,1952-04-17,1643
16,D'ANGIO,Sandrine,F,1981-12-18,1644
16,DI CARO,Sylvaine,F,1951-07-19,1645
16,DORIOL-KASMADJIAN,Alexandre,M,1976-09-26,1646
16,FABRE AUBRESPY,Hervé,M,1956-07-20,1647
16,FEDI,Nathalie,F,1969-03-24,1648
16,FOUQUART,Emmanuel,M,1966-07-30,1649
16,FUSONE,Maximilien,M,1980-04-26,1650
16,GALTIER,David,M,1958-06-21,1651
16,GARGANI,Alain,M,1965-08-21,1652
16,GEIGER,Jean-Louis,M,1950-10-25,1653
16,GENZANA,Bruno,M,1958-10-16,1654
16,GIACOMAZZI,Valérie,F,1966-10-11,1655
16,GRECH,Sophie,F,1985-08-03,1656
16,ISNARD,Nicolas,M,1970-10-06,1657
16,JOISSAINS,Sophie,F,1969-10-25,1658
16,JUGLARET,Cyril,M,1978-09-01,1659
16,KLEYNHOFF,Bernard,M,1953-12-25,1660
16,LEONETTI,Georges,M,1961-07-09,1661
16,LEPRETTRE,Eléonore,F,1991-02-08,1662
16,LIBERMAN,Hervé,M,1961-04-10,1663
16,MADROLLE,Christophe,M,1965-11-19,1664
16,MAS-FRAISSINET,Bertrand,M,1973-10-18,1665
16,MUSELIER,Renaud,M,1959-05-06,1666
16,PARODI,Clémence,F,1958-10-21,1667
16,PERNEY,Ludovic,M,1995-10-28,1668
16,PEROTTINO,Serge,M,1965-12-22,1669
16,PONCHON,Solange,F,1951-05-19,1670
16,POZMENTIER-SPORTICH,Caroline,F,1966-02-17,1671
16,REMISE,Jean-Guillaume,M,1978-05-11,1672
16,RICHARD,Jean-Pierre,M,1949-09-02,1673
16,SERRUS,Jean-Pierre,M,1960-06-01,1674
16,VIZIER,Alain,M,1954-05-14,1675
16,ALEMAGNA,Claude,M,1957-09-21,1676
16,BOCCALETTI,Frédéric,M,1973-11-23,1677
16,CHAMBON,Josy,F,1951-09-15,1678
16,COLIN,Jean-Pierre,M,1962-04-20,1679
16,DE CANSON,François,M,1965-05-10,1680
16,DELAUNAY,Philippe,M,1945-11-04,1681
16,DELFAUX,Véronique,F,1959-11-15,1682
16,FIOL,Muriel,F,1954-03-26,1683
16,GARRON,André,M,1944-01-21,1684
16,GILETTI,Frank,M,1973-03-01,1685
16,HOUSSAYS,Coline,F,1998-12-10,1686
16,JOLY,Fabienne,F,1972-03-04,1687
16,KUNTZ,Sandra,F,1975-09-07,1688
16,LANCINE,Brigitte,F,1959-07-16,1689
16,LAROCHE,Aurore,F,1968-04-02,1690
16,LAVALETTE,Laure,F,1976-04-16,1691
16,MAHALI,Mohamed,M,1977-02-21,1692
16,MARINO,Edwige,F,1958-10-28,1693
16,MORISSE,Vincent,M,1966-03-27,1694
16,NAVARRANNE,Amaury,M,1985-03-14,1695
16,PIN,Virginie,F,1969-07-24,1696
16,RACHLINE,David,M,1987-12-02,1697
16,RAMBAUD,Stéphane,M,1960-04-05,1698
16,SIRI,Sylvie,F,1961-03-11,1699
16,STASSINOS,Hervé,M,1961-01-30,1700
16,STRAMBIO,Richard,M,1958-04-02,1701
16,VIORT,Marjorie,F,1973-07-12,1702
16,ADRIEN,Patrick,M,1952-05-25,1703
16,AILLAUD,Jean,M,1950-12-05,1704
16,ARAGONES,Claire,F,1961-11-02,1705
16,AUZANOT,Bénédicte,F,1972-08-05,1706
16,BISSIERE,Michel,M,1961-10-26,1707
16,BOUYAC,Jacqueline,F,1947-02-28,1708
16,BROGI,Dominique,F,1965-12-22,1709
16,D'AIGREMONT,Thierry,M,1963-06-12,1710
16,MARIANI,Thierry,M,1958-08-08,1711
16,MARTIN,Bénédicte,F,1969-11-14,1712
16,PERILHOU,Jean-François,M,1982-09-05,1713
16,RICHARD-PERRIN,Violaine,F,1972-05-07,1714
16,RIGAULT,Anne-Sophie,F,1976-03-23,1715
16,RIMBERT,Catherine,F,1968-09-13,1716
10,ALOIRD,Régine,F,1958-09-09,1717
10,AUBERT,Nathalie,F,1965-07-25,1718
10,BADER,Jean-Claude,M,1951-09-22,1719
10,BLOCH,Gabrielle,F,1967-05-13,1720
10,CATTIN,Jacques,M,1958-06-04,1721
10,DEBÈVE,Christian,M,1959-05-21,1722
10,DIEUAIDE,Angélique,F,1977-09-23,1723
10,DREYFUS,Laurent,M,1957-10-31,1724
10,DU PARC,Hombeline,F,1975-04-05,1725
10,ESCHENMANN,Valérie,F,1989-07-05,1726
10,FREMIOT,Gilles,M,1968-06-13,1727
10,GAY,Marie-Paule,F,1962-12-07,1728
10,GERMAIN-ECUER,Cecile,F,1986-01-11,1729
10,GNAEDIG,Laurent,M,1970-02-24,1730
10,GUITTON,Jordan,M,1995-01-30,1731
10,HAAG,Laure,F,1986-04-01,1732
10,HANS,Thierry,M,1962-03-10,1733
10,HAYE,Ludovic,M,1975-01-18,1734
10,IBIEM,Nadia Linda,F,1983-09-04,1735
10,ISINGER,Évelyne,F,1960-09-23,1736
10,KENNEL,Guy-Dominique,M,1952-04-14,1737
10,KLINKERT,Brigitte,F,1956-07-22,1738
10,KÖPPE-RITZENTHALER,Jill,F,1975-01-25,1739
10,LEHRY,Christelle,F,1987-05-15,1740
10,MARX,Armand,M,1956-06-26,1741
10,MILLION,Lara,F,1968-11-11,1742
10,NICOLAS,Thierry,M,1959-12-01,1743
10,PETTERMANN,Didier,M,1980-12-07,1744
10,RAFIK,Nawel,F,1969-12-12,1745
10,REYS,Caroline,F,1963-04-16,1746
10,RITZ,Christelle,F,1977-06-15,1747
10,ROTOLO,Marcello,M,1976-09-09,1748
10,SANDER,Anne,F,1973-10-01,1749
10,TSCHAEN,Pascal,M,1963-03-21,1750
10,UHLRICH-MALLET,Odile,F,1966-06-04,1751
10,WEIDER-NIGLIS,Séverine,F,1985-01-11,1752
10,WEISS,Irène,F,1998-08-20,1753
10,WENDLINGER,Laurent,M,1966-10-29,1754
10,WILHELM,Marion,F,1991-01-26,1755
10,ZELLER,Huguette,F,1952-04-26,1756
10,ZIMMERMANN,Christian,M,1959-03-22,1757
